N,family,case,case_index,r,alpha,H,delta_finite,delta_stationary_scale,finite_column,stationary_column,trajectories,mean_finite,mean_stationary_scale,mean_difference,variance_difference,variance_stationary_scale,covariance_difference_stationary_scale,saving_estimate_pct,saving_standard_error_pct,saving_lower95_pct,saving_upper95_pct,saved_cost_per_input,N_delta_finite,N_delta_stationary_scale
256,scaled_r,0,0,0.0,1.0,0.24453317379349931,0.06181286953801309,0.0,0,1,32768,174.69095281691617,232.0215704133315,-57.33061759641533,1147.543802128102,1233.5866725823817,-1182.1661062997534,24.709175743567517,0.06016986241904621,24.591242813226188,24.827108673908846,0.22394772498599738,15.824094601731352,0.0
256,scaled_r,0.1,1,0.1,1.0074890070464726,0.24636759338545672,0.06543145923423115,8.421380285913666e-13,2,3,32768,173.99647072475508,232.0589089032587,-58.062438178503605,1169.3911165245343,1252.1947746202875,-1202.4152652756861,25.02055984530584,0.06050899462226585,24.9019622158462,25.13915747476548,0.2268063991347797,16.750453563963173,2.1558733531938986e-10
256,scaled_r,0.2,2,0.2,1.0149780140929454,0.2482026659548653,0.06945019197079444,8.830261376304842e-07,4,5,32768,173.2985936089087,232.08537856573602,-58.786784956827326,1190.9744353929764,1270.4470249483677,-1222.3506540844676,25.32980979677551,0.06083679223022098,25.210569684004277,25.449049909546744,0.22963587873760674,17.779249144523376,0.00022605469123340396
256,scaled_r,0.3,3,0.3,1.022467021139418,0.2500384040382092,0.07392918896083317,8.970787217971446e-05,6,7,32768,172.59675296126045,230.7937475725957,-58.19699461133524,1163.0298315495768,1237.719541800167,-1192.0280647969628,25.21601872816312,0.06058050625177604,25.09728093590964,25.3347565204166,0.2273320102005283,18.92587237397329,0.022965215278006903
256,scaled_r,0.4,4,0.4,1.0299560281858908,0.25187482015540885,0.07893629708904518,0.0009041786040721102,8,9,32768,171.89039401749199,220.0463398792291,-48.1559458617371,810.1112801452548,870.8674787287582,-832.1515268697864,21.88445665043425,0.05543588099514439,21.775802323683767,21.99311097718473,0.18810916352241056,20.207692054795565,0.2314697226424602
256,scaled_r,0.5,5,0.5,1.0374450352323634,0.2537119268101278,0.08454617018814417,0.003616634004474932,10,11,32768,171.17896529181405,198.11878817604054,-26.9398228842265,268.3796545706707,307.0105735925521,-279.36078325052046,13.597813277703294,0.03924391201352374,13.520895210156787,13.6747313452498,0.10523368314150977,21.643819568164908,0.9258583051455825
256,scaled_r,0.6,6,0.6,1.0449340422788362,0.25554973649006174,0.09083787766805368,0.009113143847335456,12,13,32768,170.4619689940801,182.0067447496154,-11.54477575553527,55.76666670274728,80.5983754388316,-59.84598301293329,6.343048314729921,0.021137478410499594,6.301618857045342,6.3844777724145,0.045096780295059646,23.254496683021742,2.3329648249178767
256,scaled_r,0.7,7,0.7,1.0524230493253088,0.2573882616672324,0.097890442494073,0.017634119869638545,14,15,32768,169.7390237731059,174.90991361541523,-5.170889842309318,14.069196427519524,33.71835550033239,-15.548713171164684,2.9563160460297633,0.011465875737222015,2.933842929584808,2.9787891624747185,0.020198788446520774,25.059953278482688,4.514334686627468
256,scaled_r,0.8,8,0.8,1.0599120563717817,0.2592275147982836,0.10577588718584398,0.028931139262048385,16,17,32768,169.0098909908263,171.5679068202301,-2.5580158294037934,4.835928367360116,22.53525290525611,-5.3251309998576115,1.4909640601281555,0.006967251221007297,1.4773082477349813,1.5046198725213298,0.009992249333608568,27.07862711957606,7.406371651084386
256,scaled_r,0.85,9,0.85,1.0636565598950178,0.26014741823508214,0.11004927743012224,0.03547308241307055,18,19,32768,168.64297512328383,170.4812394227342,-1.8382642994503646,3.095903039479459,20.31312520278188,-3.3336432112478773,1.0782795254626865,0.005637150808053805,1.067230709878901,1.089328341046472,0.007180719919727987,28.172615022111295,9.081109097746062
256,scaled_r,0.9,10,0.9,1.0674010634182542,0.2610675083247692,0.11454993666016457,0.04252014496721873,20,21,32768,168.27451012534837,169.60339840271385,-1.328888277365476,2.0755765705889933,18.98544912955172,-2.1473553406655506,0.7835269162532372,0.004655694056893733,0.7744017559017256,0.7926520766047489,0.005190969833458891,29.32478378500213,10.885157111607995
256,scaled_r,0.95,11,0.95,1.0711455669414907,0.2619877866202304,0.1192805565476132,0.05000417473370992,22,23,32768,167.904527844426,168.8646567575435,-0.9601289131174764,1.4462904735709463,18.163855116132304,-1.407740464267135,0.568578962320122,0.003913238124866042,0.5609090155953845,0.5762489090448594,0.003750503566865142,30.53582247618898,12.801068731829739
256,scaled_r,0.975,12,0.975,1.0730178187031088,0.26244799683015346,0.12173232333909673,0.05388944428707976,24,25,32768,167.71898588579703,168.53304462348177,-0.8140587376847346,1.2224271575678678,17.874794195909274,-1.1434652829541787,0.48302618605355185,0.003608319895977477,0.475953879057436,0.4900984930496677,0.0031799169440809944,31.163474774808762,13.795697737492418
256,scaled_r,1,13,1.0,1.074890070464727,0.26290825467344187,0.12424153915153525,0.05785969666311366,26,27,32768,167.53308910453444,168.2211239355898,-0.6880348310553502,1.0408411372837445,17.64403766792095,-0.9289990472245333,0.4090062026447951,0.0033385471205214057,0.40246265028857314,0.41554975500101704,0.002687636058809962,31.805834022793025,14.812082345757098
256,scaled_r,1.025,14,1.025,1.0767623222263452,0.2633685603439504,0.12680786065553307,0.06190739191103254,28,29,32768,167.34684956149363,167.9257454034832,-0.5788958419895689,0.8922246582879534,17.459575320313046,-0.7536819363562278,0.3447332275337699,0.0030986838450642296,0.338659807197444,0.3508066478700958,0.0022613118827717535,32.462812327816465,15.84829232922433
256,scaled_r,1.05,15,1.05,1.0786345739879633,0.2638289140354807,0.12943077888486337,0.06602529492941954,30,31,32768,167.16027647876913,167.64430351614675,-0.4840270373776186,0.7695685813496811,17.312392685981052,-0.6095009738009795,0.28872262714909325,0.0028843995880283085,0.28306920395655777,0.2943760503416287,0.0018907306147563226,33.134279394525024,16.902475501931402
256,scaled_r,1.1,16,1.1,1.0823790775111997,0.26474976625653823,0.13484353340218763,0.07444437784208927,32,33,32768,166.78617055843893,167.11503884250055,-0.3288682840616417,0.5821287472909339,17.102568004826363,-0.39091350003025793,0.19679155528999834,0.0025189474704229243,0.1918544182479694,0.20172869233202728,0.001284641734615788,34.519944550960034,19.057760727574852
256,scaled_r,1.15,17,1.15,1.086123581034436,0.26567081288592076,0.14047240049501633,0.08306550825555747,34,35,32768,166.4108741452547,166.62029991668584,-0.20942577143115468,0.4489206705714589,16.974329008456575,-0.23836326466101412,0.12569042999914934,0.0022200097310668297,0.12133921092625835,0.13004164907204033,0.000818069419652948,35.96093452672418,21.264770113422713
256,scaled_r,1.2,18,1.2,1.0898680845576725,0.26659205547206577,0.1463074090912741,0.09184243874965876,36,37,32768,166.03450290436214,166.15095302103174,-0.11645011666960024,0.3519400924385323,16.902378525708283,-0.13025493286818168,0.07008693874591243,0.001971964125317473,0.06622188906029018,0.07395198843153468,0.00045488326824062595,37.45469672736617,23.511664319912644
256,scaled_r,1.3,19,1.3,1.097357091604145,0.2684351347040889,0.15854443509583477,0.10970359759013118,38,39,32768,165.2790760242744,165.2643982165551,0.014677807719301097,0.22531565783455984,16.866960291917945,0.0032462898185139813,-0.00888140935234457,0.0015866859826479077,-0.01199131387833447,-0.005771504826354671,-5.733518640351991e-05,40.5873753845337,28.084120983073582
256,scaled_r,1.4,20,1.4,1.1048460986506177,0.27027901632300344,0.1714334279584003,0.1277531405860932,40,41,32768,164.52104992993316,164.42236911580164,0.09868081413150961,0.1507247844868148,16.918700129079635,0.07343153804674746,-0.06001665993634317,0.0013040319399562166,-0.06257256253865735,-0.057460757334028986,-0.00038547193020120943,43.88695755735048,32.704803990039856
256,scaled_r,1.45,21,1.45,1.108590602173854,0.27120126188962834,0.17807866865152733,0.13678070835419995,42,43,32768,164.14145000037178,164.0122683569848,0.1291816433869696,0.12498477328508252,16.964675244458466,0.09476928229250824,-0.07876340268997209,0.001190107061240955,-0.08109601253000435,-0.07643079284993982,-0.00050461579448035,45.588139174790996,35.01586133867519
256,scaled_r,1.5,22,1.5,1.1123351056970905,0.2721237126858257,0.18483310712640644,0.1457809920546696,44,45,32768,163.7616741078413,163.60751317970045,0.1541609281408442,0.10448458087538509,17.01991417548752,0.11012502021023557,-0.09422606892846022,0.0010904295657883259,-0.09636331087740534,-0.0920888269795151,-0.0006021911255501727,47.31727542436005,37.31993396599542
256,scaled_r,1.55,23,1.55,1.116079609220327,0.27304637025417894,0.19167818069252435,0.15473590043505622,46,47,32768,163.38188102548986,163.20712240737114,0.17475861811871662,0.08799452234246952,17.082337936282233,0.12103799266001658,-0.1070778134807821,0.0010027013728363407,-0.10904310817154134,-0.10511251879002287,-0.0006826508520262368,49.06961425728623,39.61239051137439
256,scaled_r,1.6,24,1.6,1.119824112743563,0.2739692361364638,0.19859568492308272,0.1636299617826748,48,49,32768,163.00222816618026,162.81037925944662,0.1918489067336504,0.07461753597859767,17.150336758650962,0.12863454437614608,-0.1178357962227515,0.0009251218731413387,-0.11964903509410853,-0.11602255735139448,-0.0007494097919283219,50.840495340309175,41.88927021636475
256,scaled_r,1.75,25,1.75,1.1310576233132723,0.27673909907287897,0.2196117566786904,0.18982553605636548,50,51,32768,161.86565792320314,161.63737897049816,0.22827895270497206,0.04723022722714357,17.376689667779598,0.13904005307618694,-0.14122906109894126,0.0007399301080569156,-0.1426793241107328,-0.1397787980871497,-0.0008917146590037971,56.22060970974474,48.595337230429564
256,scaled_r,2,26,2.0,1.149780140929454,0.28135984725216273,0.2546507460482719,0.23138691614287415,52,53,32768,159.98819127846247,159.72676553562235,0.26142574284012543,0.024543170338138628,17.79168787531909,0.13745668367401023,-0.16367059206606305,0.0005373705605486955,-0.1647238383647385,-0.1626173457673876,-0.00102119430796924,65.19059098835761,59.235050532575784
256,scaled_r,2.25,27,2.25,1.1685026585456357,0.28598614927777416,0.28858257693362355,0.26990435863611717,54,55,32768,158.14545730082455,157.86620571771618,0.2792515831083487,0.014241237392805391,18.220594003899873,0.1299001576081408,-0.17689129971723283,0.0004116549066308012,-0.1776981433342292,-0.17608445610023646,-0.001090826496516987,73.87713969500763,69.095515810846
256,scaled_r,2.5,28,2.5,1.1872251761618173,0.29061819675587,0.3206750042922001,0.3052824507349559,56,57,32768,156.34982693390504,156.05904516469934,0.2907817692057033,0.009037237216132208,18.648113679345688,0.12206793162787746,-0.18632804583599896,0.0003291705603137269,-0.18697322013421386,-0.18568287153778407,-0.0011358662859597786,82.09280109880322,78.15230738814871
256,scaled_r,2.75,29,2.75,1.2059476937779992,0.2952561808707235,0.35062484608673683,0.3376474473318268,58,59,32768,154.61026176208162,154.31069576021986,0.29956600186175797,0.006162665264821851,19.068315301323995,0.11562280514764822,-0.19413171613667485,0.00027230365775871446,-0.19466543130588193,-0.19359800096746776,-0.001170179694772492,89.75996059820463,86.43774651694766
256,scaled_r,3,30,3.0,1.224670211394181,0.2999002924104355,0.37837611392767917,0.3672208717677807,60,61,32768,152.93280205978152,152.62574017071555,0.30706188906596743,0.004454168373667027,19.48014104050735,0.11075430461297703,-0.2011861752300178,0.00023140316387283,-0.20163972543120856,-0.20073262502882705,-0.0011994605041639353,96.86428516548587,94.00854317255185
256,fixed_alpha,1.01,31,0.13352905048620542,1.01,0.24698280240676612,0.06673149238437122,8.89030870783047e-10,62,63,32768,173.76288574417944,232.07196742759507,-58.30908168341563,1176.7696089316753,1258.4694436035445,-1209.2481833937493,25.125430843605734,0.06062149028712062,25.006612722642977,25.24424896456849,0.2277698503258423,17.083262050399032,2.2759190292046004e-07
256,fixed_alpha,1.03,32,0.40058715145861623,1.03,0.2518856047263533,0.07896740049301096,0.000913411442080404,64,65,32768,171.886232152463,219.9384499441515,-48.0522177916885,806.7915652037063,867.4269050474481,-828.7714190158113,21.848029666431813,0.05537545096677338,21.739493782536936,21.95656555032669,0.1877039757487832,20.215654526210805,0.23383332917258343
256,fixed_alpha,1.05,33,0.6676452524310271,1.05,0.2567933324266264,0.09552070227043526,0.014554447210140093,66,67,32768,169.97359910773136,176.59422392064528,-6.620624812913911,21.15973404980527,41.951795225004936,-23.214197913110223,3.749060793680867,0.013806115552210632,3.722000807198534,3.7761207801631995,0.025861815675444964,24.453299781231426,3.7259384857958637
256,fixed_alpha,1.075,34,1.001467878646539,1.075,0.262935280264487,0.12439064721820602,0.05809528966685378,68,69,32768,167.52216338746385,168.2033513682917,-0.6811879808278438,1.0312818012851812,17.63202778894126,-0.9177124079809065,0.40497883977135535,0.0033236830831913362,0.3984644209283003,0.4114932586144104,0.002660890550108765,31.84400568786074,14.872394154714568
256,fixed_alpha,1.1,35,1.3352905048620543,1.1,0.2690857575821216,0.163025569495524,0.11606393119265018,70,71,32768,165.01179927937525,164.96328513162473,0.04851414775053588,0.194635242988031,16.877747465175148,0.03325725522151599,-0.02940905772567895,0.0014773325967496645,-0.03230462961530829,-0.026513485836049608,-0.00018950838965053077,41.73454579085414,29.712366385318447
256,fixed_alpha,1.2,36,2.670581009724105,1.2,0.2937821497998332,0.3413495506239955,0.32768,72,73,32768,155.15638500429375,154.8594226410402,0.29696236325354947,0.006912093953420634,18.935749556274036,0.11749444058002953,-0.1917625406249253,0.0002882907753381153,-0.192327590544588,-0.19119749070526257,-0.0011600092314591776,87.38548495974285,83.88608
1024,scaled_r,0,0,0.0,1.0,0.24453317379349931,0.030906434769006546,0.0,0,1,32768,690.6018832049245,926.853035583768,-236.25115237884347,18555.793773979076,19174.763953839352,-18833.3914809188,25.48960226796294,0.0601970141997534,25.371616120131424,25.607588415794456,0.23071401599496433,31.648189203462703,0.0
1024,scaled_r,0.1,1,0.1,1.0059912056371783,0.24600065763033135,0.0327231029523948,8.224040654324407e-16,2,3,32768,688.7186114760823,926.96358698707,-238.24497551098776,18815.926691820783,19407.253446654755,-19079.81237742281,25.701654180976043,0.060454087641147715,25.583164169199392,25.820144192752693,0.23266110889744898,33.508457423252274,8.421417630028193e-13
1024,scaled_r,0.2,2,0.2,1.0119824112743563,0.2474685577670992,0.03476343147847307,2.759481170376519e-08,4,5,32768,686.8271441455261,927.0738252510426,-240.24668110551661,19077.432215445777,19640.351808398063,-19327.212066696342,25.91451452536265,0.06070782738010209,25.79552718369765,26.033501867027653,0.23461589951710607,35.597753833956425,2.8257087184655556e-05
1024,scaled_r,0.3,3,0.3,1.0179736169115345,0.24893688062504815,0.03706966390605141,8.900266732765008e-06,6,7,32768,684.92558528087,925.0664305598552,-240.14084527898527,19019.18347723547,19548.80993291494,-19252.401248569226,25.959308147594406,0.0607271275181526,25.840282977658827,26.078333317529985,0.23451254421775905,37.959335839796644,0.009113873134351368
1024,scaled_r,0.4,4,0.4,1.0239648225487126,0.25040563261859133,0.03969347641224605,0.00015984054666064068,8,9,32768,683.0117850851223,892.0240313548035,-209.01224626968124,14535.066530061531,14974.518843854737,-14723.266999856656,23.431234913283003,0.05695342815108869,23.319606194106868,23.542863632459138,0.2041135217477356,40.64611984613995,0.16367671978049605
1024,scaled_r,0.5,5,0.5,1.0299560281858908,0.25187482015540885,0.04269774081155217,0.0009041786040721102,10,11,32768,681.0833522981701,792.7350713211481,-111.65171902297797,4290.984160881976,4537.620178905775,-4382.829873535115,14.084367282615947,0.03908899859096336,14.00775284537766,14.160981719854234,0.10903488185837693,43.72248659102942,0.9258788905698409
1024,scaled_r,0.6,6,0.6,1.0359472338230689,0.2533444496365457,0.046158041162309094,0.0028705370800415518,12,13,32768,679.1376287101901,718.4076889545697,-39.27006024437955,570.7578521287683,692.3017007646378,-600.0925423102013,5.466263912281553,0.017318199796409754,5.43232024068059,5.500207583882516,0.038349668207401905,47.26583415020451,2.939429969962549
1024,scaled_r,0.7,7,0.7,1.0419384394602471,0.254814527456505,0.05016329494324971,0.006551254556308476,14,15,32768,677.1717693332196,692.464211953897,-15.292442620677424,99.88348751222456,183.0453592984248,-110.04159168894287,2.208409092728039,0.007780299623568762,2.1931597054658445,2.2236584799902337,0.014934025996755296,51.367214021887705,6.7084846656598796
1024,scaled_r,0.8,8,0.8,1.0479296450974254,0.25628506000334694,0.05481438121007997,0.012164479277736132,16,17,32768,675.1827718429184,682.0810582302109,-6.8982863872925275,25.509506479757853,96.07692144860349,-29.36116756354532,1.0113587386800396,0.0040435280667870995,1.003433423669137,1.0192840536909422,0.006736607800090359,56.12992635912189,12.456426780401799
1024,scaled_r,0.85,9,0.85,1.0509252479160143,0.25702049879388067,0.057415802102758505,0.015695040720471454,18,19,32768,674.1786438487146,678.9667325704668,-4.788088721752146,14.292407541111956,81.88633649238095,-16.64312425346688,0.7052022569095774,0.0030510276083662966,0.6992222427971795,0.7111822710219753,0.00467586789233608,58.79378135322471,16.07172169776277
1024,scaled_r,0.9,10,0.9,1.0539208507346034,0.2577560536587866,0.060219250531991196,0.019684953469427075,20,21,32768,673.1676250979697,676.53472522951,-3.3671001315402926,8.462035755008687,74.15761028662027,-9.842539772903656,0.4976980494826819,0.002361790028023959,0.49306894102775495,0.5023271579376088,0.003288183722207317,61.664512544758985,20.157392352693325
1024,scaled_r,0.95,11,0.95,1.0569164535531925,0.25849172539480353,0.06323769856952872,0.024107434092187414,22,23,32768,672.1493753973513,674.5347574316002,-2.3853820342489307,5.255588461866106,69.73350079673031,-5.998992928690327,0.35363367238949367,0.001870068562543431,0.3499683380069085,0.3572990067720788,0.0023294746428212214,64.75540333519741,24.686012510399912
1024,scaled_r,0.975,12,0.975,1.058414254962487,0.25885960533835395,0.06483131529188152,0.02647121545542906,24,25,32768,671.637440743109,673.6472362518398,-2.009795508730811,4.2085120493185855,68.25660797003287,-4.720071041626478,0.2983453951230134,0.0016767961420892374,0.29505887468451847,0.3016319155615083,0.0019626909264949324,66.38726685888668,27.106524626359356
1024,scaled_r,1,13,1.0,1.0599120563717817,0.2592275147982836,0.06648301512375022,0.028931139262048385,26,27,32768,671.1235866538074,672.8164740831086,-1.6928874293011602,3.4029968936327655,67.11221378253607,-3.7262672481707972,0.251612065772939,0.001510555201877172,0.24865137757725972,0.2545727539686182,0.0016532103801769143,68.07860748672023,29.625486604337546
1024,scaled_r,1.025,14,1.025,1.0614098577810762,0.2595954538740778,0.06819401344242551,0.03148288872179824,28,29,32768,670.6077785694583,672.0321817805687,-1.424403211110428,2.7766535767022678,66.22178073709522,-2.947101712158181,0.21195461314611905,0.0013667527709254337,0.2092757777151052,0.2146334485771329,0.0013910187608500272,69.83066976504372,32.2384780511214
1024,scaled_r,1.05,15,1.05,1.0629076591903708,0.25996342266519923,0.06996538245451434,0.03412207796045887,30,31,32768,670.0899875717136,671.2860944882707,-1.196106916557198,2.2846744598665927,65.52728425870946,-2.3311358932410853,0.17818139335494568,0.0012416762712154203,0.17574770786336347,0.1806150788465279,0.0011680731607003887,71.64455163342268,34.941007831509886
1024,scaled_r,1.1,16,1.1,1.0659032620089597,0.2606994497911429,0.07369269683200372,0.03964510788384396,32,33,32768,669.0483566647655,669.8829880398395,-0.8346313750739252,1.5824730523973805,64.56598831889377,-1.447964996948584,0.12459360664108815,0.001036244776489208,0.1225625668791693,0.126624646403007,0.00081506970222063,75.46132155597181,40.59659047305622
1024,scaled_r,1.15,17,1.15,1.0688988648275488,0.2614355969713306,0.07767000835655688,0.045465065616917426,34,35,32768,667.9985490720097,668.5668376110149,-0.5682885390051069,1.1258697493832042,63.99570158181651,-0.8751121918471605,0.08500100618746935,0.0008761855396608943,0.08328368252973399,0.08671832984520471,0.0005549692763721747,79.53408855711425,46.556227191723444
1024,scaled_r,1.2,18,1.2,1.071894467646138,0.26217186500060524,0.08189906209489088,0.051547589900377964,36,37,32768,666.9404775355849,667.3103383176361,-0.36986078205115425,0.8194919374294402,63.678919964796755,-0.4961742548837653,0.05542560347313284,0.0007491674814828141,0.053957235209426524,0.05689397173683916,0.0003611921699718303,83.86463958516826,52.784732057987036
1024,scaled_r,1.3,19,1.3,1.077885673283316,0.2636447667839462,0.0911012613291095,0.06437015873781833,38,39,32768,664.79944248175,664.9067861245402,-0.1073436427902186,0.4590674594064938,63.504765964823136,-0.07078607222128516,0.016144164118985636,0.0005629145746102408,0.015040851552749564,0.017247476685221707,0.00010482777616232285,93.28769160100813,65.91504254752597
1024,scaled_r,1.4,20,1.4,1.0838768789204942,0.26511816149255957,0.10124098682146318,0.0778712894257309,40,41,32768,662.6257087911958,662.5799036514017,0.045805139794240585,0.2726901963305583,63.67748831622856,0.12340420202199441,-0.006913149575140104,0.0004353696898328738,-0.007766474167212537,-0.006059824983067672,-4.473158183031307e-05,103.6707705051783,79.74020037194845
1024,scaled_r,1.45,21,1.45,1.0868724817390834,0.2658550456770733,0.10662996129807766,0.08480982021426625,42,43,32768,661.5270446962751,661.4297184398965,0.09732625637857048,0.21396473178609002,63.8396060881361,0.17541015902289284,-0.014714527283130297,0.00038628819178832045,-0.015471652139035405,-0.013957402427225188,-9.504517224469773e-05,109.18908036923152,86.84525589940864
1024,scaled_r,1.5,22,1.5,1.0898680845576725,0.26659205547206577,0.11220939608364854,0.09184243874965876,44,45,32768,660.4208702730259,660.2834487330485,0.13742153997732479,0.1696357678678377,64.03579086302554,0.20904592877011505,-0.020812507149923134,0.00034450495544332524,-0.02148773686259205,-0.020137277437254218,-0.00013420072263410624,114.9024215896561,94.04665727965057
1024,scaled_r,1.55,23,1.55,1.0928636873762614,0.2673291916698509,0.11796057742498382,0.09894830034605684,46,47,32768,659.3075276396132,659.1386966054553,0.16883103415801615,0.1357698959588621,64.2578671962413,0.2298343364528669,-0.025613885973846017,0.00030868698848142607,-0.02621891247126961,-0.025008859476422424,-0.00016487405679493764,120.79163128318343,101.3230595543622
1024,scaled_r,1.6,24,1.6,1.0958592901948505,0.2680664550623911,0.12386396403042972,0.10610851039857547,48,49,32768,658.1874171688291,657.9938407017684,0.19357646706076576,0.10964128804434171,64.49999660633017,0.24148001017103587,-0.029419191349011897,0.0002778239985790628,-0.02996372638622686,-0.028874656311796934,-0.00018903951861402906,126.83669916716003,108.65511464814128
1024,scaled_r,1.75,25,1.75,1.1048460986506177,0.27027901632300344,0.1422911498389799,0.1277531405860932,50,51,32768,654.7909433673473,654.5494591381758,0.24148422917142484,0.06065948670441581,65.30348937556154,0.24629016064620338,-0.03689319818388962,0.00020756891633594616,-0.03730003325990808,-0.036486363107871164,-0.00023582444255021957,145.7061374351154,130.81921596015943
1024,scaled_r,2,26,2.0,1.119824112743563,0.2739692361364638,0.174327468291486,0.1636299617826748,52,53,32768,649.0390947941133,648.7623680284868,0.2767267656265455,0.026112113398458293,66.76440019159077,0.2203180521340798,-0.04265456494763806,0.0001371334712772041,-0.042923346551341376,-0.04238578334393474,-0.00027024098205717336,178.51132753048165,167.557080865459
1024,scaled_r,2.25,27,2.25,1.1348021268365085,0.27766281361296263,0.20653970582463538,0.19836396148936322,54,55,32768,643.2276796056784,642.9370410243331,0.2906385813452687,0.013044986417524683,68.26783082014269,0.1909779568651589,-0.04520482765812041,9.753719699294042e-05,-0.045396000564226574,-0.04501365475201424,-0.000283826739594989,211.49665876442663,203.12469656510794
1024,scaled_r,2.5,28,2.5,1.149780140929454,0.28135984725216273,0.23786021339527413,0.23138691614287415,56,57,32768,637.4138665423488,637.1165131579673,0.2973533843815497,0.007313733956636301,69.75939566184432,0.16756805583482648,-0.04667174343161681,7.343310921530973e-05,-0.04681567232567882,-0.04652781453755481,-0.0002903841644351071,243.5688585167607,236.94020213030313
1024,scaled_r,2.75,29,2.75,1.1647581550223993,0.2850604353616112,0.26773542233252157,0.2624532557381982,58,59,32768,631.6452942588343,631.3436310540426,0.30166320479168357,0.0044948599547431625,71.22161580558158,0.15011524970282963,-0.047781143256018906,5.782743995248393e-05,-0.047894485038325774,-0.04766780147371204,-0.0002945929734293785,274.1610724685021,268.752133875915
1024,scaled_r,3,30,3.0,1.1797361691153447,0.28876467606539113,0.2959222282833129,0.2915029671159804,60,61,32768,625.9595796121354,625.6543266547451,0.3052529573902586,0.002969021776115399,72.64761115201529,0.13708944910015847,-0.04878939446041846,4.7158154824542114e-05,-0.04888182444387456,-0.04869696447696236,-0.0002980985912014244,303.0243617621124,298.4990383267639
1024,fixed_alpha,1.01,31,0.16691131310775678,1.01,0.24698280240676612,0.034061128956368085,8.89030870783047e-10,62,63,32768,687.4540251031862,927.0408691759494,-239.58684407276323,18991.27841895799,19563.688793144145,-19245.772712997168,25.844259087059772,0.06062463165039508,25.725434809024996,25.963083365094548,0.23397152741480784,34.87859605132092,9.103676116818402e-07
1024,fixed_alpha,1.03,32,0.5007339393232703,1.03,0.2518856047263533,0.042721375427395826,0.000913411442080404,64,65,32768,681.0691382334545,791.9595289351781,-110.89039070172358,4234.13916328509,4479.394280884456,-4325.294752290667,14.002027458501601,0.0389046313335114,13.925774381087919,14.078280535915283,0.10829139716965193,43.746688437653326,0.9353333166903337
1024,fixed_alpha,1.05,33,0.8345565655387839,1.05,0.2567933324266264,0.05659136533091899,0.014554447210140093,66,67,32768,674.4895073540166,679.8402818099743,-5.350774455957625,16.985910940955893,85.35856520443946,-19.73108625789078,0.7870634616872038,0.003318746304215961,0.7805587189309404,0.7935682044434671,0.005225365679646118,57.94955809886105,14.903753943183455
1024,fixed_alpha,1.075,34,1.251834848308174,1.075,0.262935280264487,0.08654705549169278,0.05809528966685378,68,69,32768,665.8348121392148,666.0506707443268,-0.21585860511193047,0.6018403395938217,63.53011467385929,-0.23480818597376174,0.0324087362408484,0.0006433627280019067,0.03114774529396466,0.03366972718773213,0.0002107994190546196,88.62418482349341,59.48957661885827
1024,fixed_alpha,1.1,35,1.6691131310775678,1.1,0.2690857575821216,0.13223790311618253,0.11606393119265018,70,71,32768,656.6288000520811,656.4091756052909,0.21962444679025983,0.08273712296274992,64.8587377684917,0.24771926849718148,-0.033458466906368084,0.00024184337413527774,-0.03393247991967323,-0.03298445389306294,-0.00021447699881861312,135.4116127909709,118.84946554127379
1024,fixed_alpha,1.2,36,3.3382262621551315,1.2,0.2937821497998332,0.3312651312898502,0.32768,72,73,32768,618.448652193601,618.138677311127,0.3099748824739196,0.0018571201768660187,74.52112536205371,0.12486592467302869,-0.0501464952528606,3.739263337910983e-05,-0.05021978481428366,-0.05007320569143754,-0.0003027098461659371,339.2154944408066,335.54432
4096,scaled_r,0,0,0.0,1.0,0.24453317379349931,0.015453217384503273,0.0,0,1,32768,2746.4462836433204,3710.304354406303,-963.8580707629827,299744.2760931574,304771.3723603489,-302133.0221081652,25.97787078082473,0.06017372133967179,25.859930286998974,26.095811274650487,0.23531691180736883,63.296378406925406,0.0
4096,scaled_r,0.1,1,0.1,1.0049926713643151,0.24575604825465558,0.016364030673384846,8.031313441275283e-19,2,3,32768,2740.886454585453,3710.6851559467455,-969.7987013612922,303055.40192426555,307852.97709191643,-305329.95884455496,26.13530010238385,0.06037885748346705,26.016957541716256,26.253642663051448,0.23676726107453422,67.02706963818433,3.289625985546356e-15
4096,scaled_r,0.2,2,0.2,1.0099853427286303,0.2469792110694463,0.01739474881260936,8.62342966615112e-10,4,5,32768,2735.311790028756,3711.080182892798,-975.7683928640419,306389.4406836388,310950.5261977577,-308546.2839785766,26.293379414492403,0.06058249548054868,26.17463772335053,26.412121105634277,0.23822470528907272,71.24889113644794,3.532156791255499e-06
4096,scaled_r,0.3,3,0.3,1.0149780140929454,0.2482026659548653,0.01857106860847246,8.830261376304842e-07,6,7,32768,2729.7175912344824,3708.0960180153015,-978.378426780819,307691.21215174196,311994.8426242958,-309719.81543513533,26.38492698213571,0.06069349018220272,26.265967741378592,26.503886222892827,0.2388619206007859,76.0670970203032,0.0036168750597344633
4096,scaled_r,0.4,4,0.4,1.0199706854572606,0.24942641662459625,0.01992589575479687,2.8256418270205118e-05,8,9,32768,2724.098294028592,3609.382708325895,-885.2844142973028,253387.09464727866,257061.59756973747,-255101.5733661902,24.527308014613823,0.058021563286010984,24.41358575057324,24.641030278654405,0.21613389020930243,81.61646901164798,0.11573828923476016
4096,scaled_r,0.5,5,0.5,1.0249633568215757,0.25065046678905045,0.02150159645359355,0.0002260479994236511,10,11,32768,2718.447326547502,3174.654822992335,-456.207496444833,69047.93985685529,70934.77325935505,-69868.96893655659,14.370302344077377,0.03907794305860011,14.29370957568252,14.446895112472234,0.1113787833117268,88.07053907391918,0.9258926056392749
4096,scaled_r,0.6,6,0.6,1.0299560281858908,0.25187482015540885,0.023352811850954135,0.0009041786040721102,12,13,32768,2712.7569020177325,2842.9490851217374,-130.1921831040048,5890.276251529295,6570.207824076393,-6108.178455419341,4.579476424159382,0.014205743029015524,4.551633167822511,4.607319680496253,0.031785200953126175,95.65311734150814,3.7035155622793634
4096,scaled_r,0.7,7,0.7,1.034948699550206,0.2530994804276602,0.025549697669700756,0.0024338322438602557,14,15,32768,2707.017768059988,2750.988554141055,-43.97078608106658,739.672010428504,1119.827704622803,-807.9403915678528,1.5983631053236291,0.005366300978180596,1.5878451554063953,1.608881055240863,0.010735055195572895,104.6515616550943,9.968976870851607
4096,scaled_r,0.8,8,0.8,1.039941370914521,0.25432445130663806,0.028181016359987213,0.005114654933874076,16,17,32768,2701.219055889819,2719.108374412303,-17.88931852248399,143.95810568420754,437.79501038717166,-169.24197060864623,0.6579111995251206,0.002418857315083569,0.6531702391875568,0.6626521598626843,0.004367509404903318,115.42944301050763,20.949626609148215
4096,scaled_r,0.85,9,0.85,1.0424377065966786,0.25493705437930647,0.02969285948162911,0.006944171990831355,18,19,32768,2698.2934986496202,2710.1860939074295,-11.892595257809152,71.11679274702168,345.8890389980511,-86.9225618652781,0.4388110205621682,0.0017097818067183194,0.4354598482210003,0.4421621929033361,0.0029034656391135625,121.62195243675284,28.44332847444523
4096,scaled_r,0.9,10,0.9,1.0449340422788362,0.25554973649006174,0.03135565596268909,0.009113143847335456,20,21,32768,2695.34820527037,2703.3925981534258,-8.044392883055771,37.26764705796045,300.17540958018105,-47.17093911161909,0.29756657943617065,0.0012428124161769829,0.29513066710046376,0.30000249177187754,0.001963963106214788,128.43276682317452,37.32743719868603
4096,scaled_r,0.95,11,0.95,1.0474303779609937,0.25616249810063524,0.033185722513461066,0.011622232592169015,22,23,32768,2692.3813597627923,2697.8848564771056,-5.503496714313105,20.550594306776315,275.9447929000124,-26.700603772324236,0.20399301701480185,0.0009258100599542037,0.2021784292972916,0.2058076047323121,0.0013436271275178479,135.92871941513653,47.604664697524285
4096,scaled_r,0.975,12,0.975,1.0486785458020726,0.25646890886259427,0.034168733971929745,0.013002825903375627,24,25,32768,2690.889271509052,2695.452974112131,-4.563702603078908,15.52695701419134,268.2528476600706,-20.33428546236705,0.16931115648872225,0.0008058090480967129,0.1677317707544527,0.1708905422229918,0.0011141852058298115,139.95513434902423,53.25957490022657
4096,scaled_r,1,13,1.0,1.0499267136431514,0.25677533967257327,0.03519988188055764,0.014465999404218511,26,27,32768,2689.391087899348,2693.1785639583554,-3.7874760590074725,11.858098809968965,262.45116703289375,-15.583482208151763,0.14063219237274602,0.000705054734445318,0.1392502850932332,0.14201409965225884,0.0009246767722186212,144.1787161827641,59.25273355967902
4096,scaled_r,1.025,14,1.025,1.05117488148423,0.25708179058823444,0.03628125323726288,0.016010319578222142,28,29,32768,2687.886575239421,2691.0303249966687,-3.143749757247985,9.149567976357728,258.04196777215446,-12.00190446189037,0.11682327501277329,0.0006200098270137244,0.11560805575182638,0.1180384942737202,0.0007675170305781213,148.60801325982877,65.5782689923979
4096,scaled_r,1.05,15,1.05,1.0524230493253088,0.2573882616672324,0.03741488456688534,0.017634119869638545,30,31,32768,2686.375497949935,2688.983484670902,-2.607986720966835,7.129545267713256,254.6713020607363,-9.27645984786638,0.09698782963280342,0.0005478685650652117,0.0959140072452756,0.09806165202033124,0.0006367155080485437,153.25136718596235,72.22935498603948
4096,scaled_r,1.1,16,1.1,1.0549193850074665,0.2580012645457793,0.039846655628863296,0.02111252479482409,32,33,32768,2683.3327026009915,2685.118700012066,-1.7859974110740984,4.451512312901846,250.09866747984157,-5.568181720610568,0.06651465393563692,0.000433719656810875,0.06566456340828761,0.06736474446298624,0.0004360345241880123,163.21190145582406,86.47690155959947
4096,scaled_r,1.15,17,1.15,1.057415720689624,0.258614348769197,0.04250940546612591,0.024884416365041694,34,35,32768,2680.2608824762046,2681.4675658774845,-1.2066834012799905,2.8762709416559744,247.41596845347158,-3.325082382816768,0.04500085761377147,0.0003492167916661226,0.04431639270210587,0.04568532252543707,0.0002946004397656227,174.11852478925172,101.92656943121078
4096,scaled_r,1.2,18,1.2,1.0599120563717817,0.2592275147982836,0.04541468612634628,0.028931139262048385,36,37,32768,2677.1582903799513,2677.952891728783,-0.7946013488315383,1.9162432586918778,245.89043739128226,-1.9362545539681126,0.029671968886598836,0.0002854760149780326,0.02911243589724189,0.03023150187595578,0.00019399446992957479,186.01855437351438,118.50194641735018
4096,scaled_r,1.3,19,1.3,1.0649047277360968,0.26045409411572984,0.05198067621603289,0.03776937924036913,38,39,32768,2670.8546517115633,2671.14041358948,-0.28576187791646246,0.9191397528904373,244.7999677840173,-0.5058233825396161,0.010698122661865442,0.00019826414478541613,0.010309524938086026,0.011086720385644858,6.976608347569884e-05,212.91284978087072,154.70337736855197
4096,scaled_r,1.4,20,1.4,1.069897399100412,0.2616810061808378,0.05955626235558093,0.04746506121070713,40,41,32768,2664.4119359877086,2664.4293544836055,-0.017418495896890734,0.47859984292656765,245.09395118017204,0.07675091958535213,0.0006537420805539287,0.00014343579958602982,0.00037260791336531026,0.000934876247742547,4.2525624748268395e-06,243.9424506084595,194.4168907190564
4096,scaled_r,1.45,21,1.45,1.0723937347825694,0.2622945881438254,0.0637067204931428,0.05258453110415812,42,43,32768,2661.136545184547,2661.0706874780863,0.06585770646031837,0.3538513420357851,245.52580609353794,0.22080862684602018,-0.0024748574613300536,0.00012348733840177636,-0.0027168926445975353,-0.002232822278062572,-1.6078541616288664e-05,260.9427271399129,215.38623940263167
4096,scaled_r,1.5,22,1.5,1.074890070464727,0.26290825467344187,0.06808262503074984,0.05785969666311366,44,45,32768,2657.824791478211,2657.697358578255,0.12743289995607082,0.2652288705859344,246.08429308482494,0.31000545350675934,-0.00479486121866944,0.00010704244693145179,-0.005004664414655086,-0.0045850580226837944,-3.11115478408376e-05,278.86643212595135,236.99331753211356
4096,scaled_r,1.55,23,1.55,1.0773864061468845,0.2635220062292227,0.0726681277749316,0.06327257362208592,46,47,32768,2654.4767740236493,2654.303544053738,0.17322996991154316,0.2013402166079417,246.739459466536,0.3630814499723491,-0.006526381291228688,9.337695899498994e-05,-0.006709400130858869,-0.006343362451598508,-4.229247312293534e-05,297.64865136611985,259.16446155606394
4096,scaled_r,1.6,24,1.6,1.0798827418290422,0.2641358432705267,0.07744555066255594,0.06880613846441251,48,49,32768,2651.092863546814,2650.885463262829,0.20740028398496363,0.1546219436694477,247.4703931180001,0.3917166301565677,-0.00782381158519335,8.192862457270376e-05,-0.007984391689355849,-0.007663231481030851,-5.063483495726651e-05,317.21697551382914,281.82994315023365
4096,scaled_r,1.75,25,1.75,1.0873717488755148,0.26597787189855426,0.09274167756922275,0.08597597722239422,50,51,32768,2640.7334202997095,2640.466654597736,0.2667657019732779,0.07458374900079612,249.97504884349334,0.3985540600326931,-0.010102975605042001,5.710699337104743e-05,-0.010214905312049254,-0.009991045898034748,-6.51283452083198e-05,379.86991132353637,352.15760270292674
4096,scaled_r,2,26,2.0,1.0998534272863028,0.2690496721457989,0.12038366910895733,0.11571076989121792,52,53,32768,2622.848429247681,2622.5477443003847,0.30068494729619144,0.02659047746438405,254.7033721885805,0.33760578965762694,-0.011465375528421693,3.430117465513792e-05,-0.011532605830745763,-0.011398145226097623,-7.340941096098424e-05,493.0915086702892,473.9513134744286
4096,scaled_r,2.25,27,2.25,1.1123351056970905,0.2721237126858257,0.14918005323516817,0.1457809920546696,54,55,32768,2604.3580893935236,2604.049468396423,0.30862099710075797,0.011447353013558086,259.73216539683705,0.2777690094832293,-0.011851579658769202,2.263577633560673e-05,-0.011895945780386991,-0.011807213537151412,-7.534692312030224e-05,611.0414980512488,597.1189434559267
4096,scaled_r,2.5,28,2.5,1.1248167841078782,0.2752000506867307,0.17796082128593443,0.17537162739594836,56,57,32768,2585.4676924447663,2585.157907494122,0.3097849506444074,0.005699251637069902,264.8542918896748,0.2322550688400946,-0.01198321192474823,1.6058756387878168e-05,-0.012014687087268472,-0.011951736762227988,-7.563109146591978e-05,728.9275239871874,718.3221858138045
4096,scaled_r,2.75,29,2.75,1.1372984625186662,0.27827874321762297,0.20604482762066287,0.2039963271321685,58,59,32768,2566.365316858194,2566.055806089188,0.3095107690062199,0.003175074994274206,269.94860677682374,0.19874105758105098,-0.01206173179366397,1.2046324829308482e-05,-0.012085342590329414,-0.012038120996998527,-7.556415258940915e-05,843.9596139342351,835.5689559333622
4096,scaled_r,3,30,3.0,1.149780140929454,0.28135984725216273,0.2330580182924179,0.23138691614287415,60,61,32768,2547.210250157164,2546.900922591208,0.309327565955762,0.0019364129244249086,274.94886299755643,0.17432832298035955,-0.012145253206043571,9.449856239797413e-06,-0.012163774924273575,-0.012126731487813567,-7.551942528216846e-05,954.6056429257437,947.7608085212125
4096,fixed_alpha,1.01,31,0.20029357572930812,1.01,0.24698280240676612,0.01739797495761828,8.89030870783047e-10,62,63,32768,2735.2953978995383,3711.0812754931003,-975.7858775935622,306399.2094706716,310959.58988983516,-308555.7017151398,26.293842822504804,0.0605830886440643,26.17509996876244,26.41258567624717,0.23822897402186577,71.26210542640447,3.6414704467273607e-06
4096,fixed_alpha,1.03,32,0.6008807271879243,1.03,0.2518856047263533,0.023370535735528854,0.000913411442080404,64,65,32768,2712.7065831985756,2841.5113831458275,-128.80479994725175,5768.878654120306,6443.886490636734,-5984.321545116115,4.532967937811053,0.014072590934626365,4.5053856595791855,4.5605502160429205,0.03144648436212201,95.72571437272619,3.741333266761335
4096,fixed_alpha,1.05,33,1.0014678786465405,1.05,0.2567933324266264,0.03526196674035342,0.014554447210140093,66,67,32768,2689.302927306077,2693.049211979204,-3.746284673126853,11.675665675938006,262.1578377748793,-15.344468768374167,0.1391094026972346,0.0006996576710069089,0.13773807366206106,0.14048073173240813,0.0009146202815251106,144.43301576848762,59.61501577273382
4096,fixed_alpha,1.075,34,1.5022018179698085,1.075,0.262935280264487,0.06828026635444027,0.05809528966685378,68,69,32768,2657.6781182139625,2657.5483728775475,0.12974533641497793,0.2619614342037423,246.11130570452642,0.3129869900117261,-0.004882143924044247,0.00010638678529088395,-0.005090662023214379,-0.004673625824874114,-3.167610752318797e-05,279.67597098778737,237.9583064754331
4096,fixed_alpha,1.1,35,2.002935757293081,1.1,0.2690857575821216,0.1207180181826701,0.11606393119265018,70,71,32768,2622.6344045715696,2622.33353824555,0.30086632601956115,0.0263022416186101,254.76122618385324,0.336823602800474,-0.011473228772448727,3.411710913605618e-05,-0.011540098306355396,-0.011406359238542057,-7.345369287586942e-05,494.4610024762167,475.39786216509515
4096,fixed_alpha,1.2,36,4.005871514586158,1.2,0.2937821497998332,0.3285879911366657,0.32768,72,73,32768,2471.8418701620185,2471.527950572566,0.3139195894522164,0.00047647711906179487,293.9541808979379,0.12555815938691472,-0.012701437965914657,4.737937338569536e-06,-0.012710724323098253,-0.01269215160873106,-7.664052476860751e-05,1345.8964116957827,1342.17728
16384,scaled_r,0,0,0.0,1.0,0.24453317379349931,0.0077266086922516365,0.0,0,1,32768,10954.627532467339,14824.722406102002,-3870.094873634663,4816243.235283701,4856232.732352543,-4835741.923717856,26.105681898243798,0.060344439882243785,25.987406796074602,26.223957000412994,0.23621184531461567,126.59275681385081,0.0
16384,scaled_r,0.1,1,0.1,1.0042794325979845,0.24558133433549273,0.008182906069037398,7.843096090652686e-22,2,3,32768,10937.063572145194,14825.95207549695,-3888.8885033517554,4860207.567982882,4898308.818659174,-4878764.626005309,26.23027838987132,0.06051641256837502,26.111666221237304,26.348890558505335,0.23735891744090304,134.06873303510872,1.2850128634925361e-17
16384,scaled_r,0.2,2,0.2,1.0085588651959687,0.246629706338868,0.008702093116844008,2.6948331546048125e-11,4,5,32768,10919.481185251021,14827.231604334593,-3907.750419083572,4904438.084779289,4940591.007856258,-4922023.326881024,26.355226136355625,0.06068748189894443,26.236278671833695,26.474173600877556,0.2385101574147688,142.57509362637222,4.415214640504525e-07
16384,scaled_r,0.3,3,0.3,1.0128382977939532,0.24767829214480783,0.00929878771394309,8.760784413054747e-08,6,7,32768,10901.869691623073,14823.190944441136,-3921.321252818062,4935890.651735261,4969987.225757208,-4952449.911458271,26.453961684198653,0.06082137762199792,26.334751784059538,26.573171584337768,0.23933845537219617,152.35133790524358,0.0014353669182348898
16384,scaled_r,0.4,4,0.4,1.0171177303919376,0.2487270940926955,0.009992287608170182,4.995118485142303e-06,8,9,32768,10884.216103806273,14536.24691749893,-3652.0308136926556,4299305.58399589,4329099.288190327,-4313715.431961053,25.123615706446838,0.058936366292351244,25.008100428513828,25.239130984379848,0.22290227134354587,163.71364017226026,0.0818400212605715
16384,scaled_r,0.5,5,0.5,1.021397162989922,0.24977611452014326,0.010808402318321374,5.6512597530214385e-05,10,11,32768,10866.504595307428,12697.399748934171,-1830.8951536267436,1105684.792333908,1120125.0337494223,-1112419.7448371388,14.419449571007089,0.03911201830064688,14.34279001513782,14.496109126876357,0.11174897177897605,177.0848635833774,0.9259023979350325
16384,scaled_r,0.6,6,0.6,1.0256765955879064,0.2508253557630095,0.011782047734865844,0.0002848020302139094,12,13,32768,10848.715619851182,11269.358677665174,-420.64305781399196,60264.4183883207,64103.23238160622,-61700.28035582106,3.7326264062183734,0.01157415000255626,3.709941072213363,3.7553117402233838,0.025674014759154783,193.037070088042,4.666196463024692
16384,scaled_r,0.7,7,0.7,1.0299560281858908,0.25187482015540885,0.012960830438400685,0.0009041786040721102,14,15,32768,10830.824667198065,10953.62859326476,-122.80392606669642,5513.294802072951,7253.535779391882,-5901.250126937177,1.1211255249443723,0.00369985117648947,1.113873816638453,1.1283772332502917,0.007495356815594264,212.35024590275682,14.814062249117454
16384,scaled_r,0.8,8,0.8,1.0342354607838753,0.25292451002974115,0.01440970599368236,0.002150483940969057,16,17,32768,10812.800901945107,10857.711345973581,-44.91044402847306,836.7104913316344,2059.6459093045673,-967.1108057435601,0.41362716872306077,0.001464695240779671,0.41075636605113264,0.4164979713949889,0.0027411159685347326,236.0886230004918,35.23352888883703
16384,scaled_r,0.85,9,0.85,1.0363751770828673,0.2534494402510387,0.015261773303317922,0.003072383003981226,18,19,32768,10803.727504817625,10832.255101075642,-28.527596258015862,368.88655379703823,1487.996630090617,-447.8004969327262,0.26335786954632445,0.0009763730816756243,0.2614441783062402,0.2652715607864087,0.0017411862950449134,250.04889380156084,50.33792313722841
16384,scaled_r,0.9,10,0.9,1.0385148933818595,0.2539744277166977,0.016216218772198924,0.0042188951856235715,20,21,32768,10794.605738171824,10813.100613484941,-18.494875313117998,172.8848388658619,1230.279652006066,-221.27550570996414,0.17104136893032484,0.0006702779859570595,0.169727624077849,0.1723551137828007,0.0011288376045604247,265.68652836370717,69.1223787212566
16384,scaled_r,0.95,11,0.95,1.0406546096808518,0.25449947271779205,0.01728816093007203,0.005603051684551967,22,23,32768,10785.429357869538,10797.584208333275,-12.154850463738288,85.27103474484608,1104.9838031293464,-115.05454617065507,0.11257009187626905,0.00047172851372644217,0.11164550398936522,0.11349467976317289,0.0007418731972496514,283.24922867830014,91.80039879969942
16384,scaled_r,0.975,12,0.975,1.0417244678303479,0.25476201688505923,0.017873366163805218,0.006387016102960424,24,25,32768,10780.818565069208,10790.705105746216,-9.886540677007755,60.91338967679053,1067.553329299042,-84.23709676398114,0.09162089576280813,0.00039905599047293636,0.09083874602148118,0.09240304550413508,0.0006034265549931491,292.8372312277847,104.64487183090358
16384,scaled_r,1,13,1.0,1.042794325979844,0.25502457554529057,0.01849433207302218,0.007233153061271782,26,27,32768,10776.191490205048,10784.243847791513,-8.052357586463879,43.97464696976128,1040.2827400136498,-62.18050387808903,0.0746677996168726,0.0003393363368564698,0.07400270039663392,0.07533289883711128,0.0004914769034706957,303.0111366843954,118.50797975587687
16384,scaled_r,1.025,14,1.025,1.0438641841293401,0.2552871487348424,0.01915334952801982,0.008141822679437237,28,29,32768,10771.54718405976,10778.110306029834,-6.5631219700744285,32.069339065631574,1020.2035360591403,-46.20684226576069,0.060893067371955524,0.0002900004063010058,0.060324666575605555,0.06146146816830549,0.00040058117493130057,313.8084786670767,133.3956227798997
16384,scaled_r,1.05,15,1.05,1.0449340422788362,0.25554973649006174,0.019852755289847073,0.009113143847335456,30,31,32768,10766.88466130042,10772.23438991937,-5.349728618947969,23.61758199363867,1005.2940623603703,-34.5144566355985,0.049662200294808216,0.0002490426995545129,0.04917407660368137,0.05015032398593506,0.000326521522152586,325.26754266885445,149.3097487947441
16384,scaled_r,1.1,16,1.1,1.0470737585778285,0.2560749558428659,0.02138214885737212,0.011243115546373018,32,33,32768,10757.500870165282,10761.04629655893,-3.54542639364722,13.17737656234405,985.7972595208066,-19.42731944481042,0.03294685568615149,0.00018626262632517597,0.03258178093855414,0.03331193043374883,0.0002163956539091321,350.32512687918484,184.20720511177552
16384,scaled_r,1.15,17,1.15,1.0492134748768205,0.25660023389436326,0.02310102872097394,0.0136198662467327,34,35,32768,10748.031765231339,10750.36091848884,-2.3291532574995215,7.62622174753667,974.8380226031957,-10.920066352040795,0.021665814526224545,0.00014186433633767774,0.021387760427002696,0.021943868625446394,0.00014216023300167978,378.487254564437,223.14788858646855
16384,scaled_r,1.2,18,1.2,1.0513531911758127,0.2571255709351139,0.02502654640029434,0.01623746643671169,36,37,32768,10738.468785897967,10739.97183543545,-1.5030495374829187,4.570689664072612,968.8241932435076,-5.99548092969848,0.01399491135091955,0.00010994713558637374,0.013779414965170258,0.014210407736668844,9.173886337176017e-05,410.03493622242246,266.03465009908433
16384,scaled_r,1.3,19,1.3,1.0556326237737972,0.2581764231461045,0.029551572616048648,0.022161048265528775,38,39,32768,10719.027412193269,10719.578790294125,-0.551378100854965,1.8078996934003397,964.7625264118949,-1.3870681628234827,0.005143654537566361,6.928953463082347e-05,0.005007847049689948,0.005279462025442775,3.3653448538511046e-05,484.17296574134105,363.08661478242345
16384,scaled_r,1.4,20,1.4,1.0599120563717817,0.2592275147982836,0.03502170970411814,0.028931139262048385,40,41,32768,10699.113855037427,10699.213325817997,-0.09947078056915065,0.7994354656905326,966.0368794953115,0.2085938939826513,0.0009297018158252837,4.616533246479627e-05,0.0008392177641942831,0.0010201858674562844,6.071214634347574e-06,573.7956917922716,474.00778566940073
16384,scaled_r,1.45,21,1.45,1.0620517726707739,0.25975315114014874,0.03810983393352112,0.03260352014395063,42,43,32768,10688.963818490874,10688.934724439961,0.029094050912232217,0.5504777540324386,967.7130833146748,0.5416264190111408,-0.000272188498314144,3.834505224156894e-05,-0.0003473448007076191,-0.00019703219592066888,-1.7757599433735484e-06,624.39151916681,534.1760740384872
16384,scaled_r,1.5,22,1.5,1.064191488969766,0.260278848212509,0.04142328617157925,0.036450486896562814,44,45,32768,10678.678517260081,10678.559705074373,0.11881218570889296,0.3867171982195786,969.8324553538388,0.7197312812568757,-0.0011126236963626686,3.21699339892204e-05,-0.0011756767669815406,-0.0010495706257437965,-7.251720319146299e-06,678.6791206351544,597.2047773132851
16384,scaled_r,1.55,23,1.55,1.0663312052687581,0.2608046063052244,0.04495011557284565,0.04045916444001054,46,47,32768,10668.254823267043,10668.072992042224,0.18183122481928732,0.2766331572908281,972.281316009205,0.8044947272692458,-0.001704443013793804,2.7234528713234716e-05,-0.001757822690071744,-0.001651063337515864,-1.109809721797408e-05,736.4626935455032,662.8829501851327
16384,scaled_r,1.6,24,1.6,1.0684709215677504,0.2613304257080572,0.0486760765599531,0.0446167788770459,48,49,32768,10657.690825321193,10657.464567531315,0.2262577898774727,0.20117308506022863,974.9839214774934,0.831462614754775,-0.002122998283914378,2.324708143643346e-05,-0.0021685625635297877,-0.0020774340042989687,-1.3809679557951214e-05,797.5088383582716,731.00130512152
16384,scaled_r,1.75,25,1.75,1.074890070464727,0.26290825467344187,0.0608909796013754,0.05785969666311366,50,51,32768,10625.154879500653,10624.859615106638,0.29526439401612536,0.0842840288103273,984.1024333536474,0.7620852480205706,-0.0027789957205299216,1.5090974335468075e-05,-0.002808574030227439,-0.002749417410832404,-1.8021508423835777e-05,997.6378097889345,947.9732701284543
16384,scaled_r,2,26,2.0,1.085588651959688,0.2655392228347616,0.08378757179054969,0.08182335630804138,52,53,32768,10568.242440346407,10567.917430514923,0.3250098314830212,0.025073277896952458,1001.0366529488457,0.5655435916053904,-0.0030754387855506274,8.271759840214195e-06,-0.0030916514348374472,-0.0030592261362638075,-1.983702584735237e-05,1372.775576216366,1340.59386975095
16384,scaled_r,2.25,27,2.25,1.096287233454649,0.26817178883359116,0.1084970885651705,0.10713481760801076,54,55,32768,10508.417746949177,10508.090937804172,0.3268091450046872,0.00942103856122378,1018.860213223661,0.4221894945433657,-0.0031100715338211473,5.095857124498971e-06,-0.003120059413785165,-0.0031000836538571295,-1.994684722928999e-05,1777.6162990517535,1755.2968516896483
16384,scaled_r,2.5,28,2.5,1.10698581494961,0.2708059887494699,0.1339143650525928,0.13291393626545644,56,57,32768,10446.322583555922,10445.99945466983,0.32312888609106355,0.004220124496925735,1036.912491668573,0.3298234060872283,-0.00309332666053903,3.4275710772981315e-06,-0.0031000446998505344,-0.003086608621227526,-1.9722222051456515e-05,2194.0529570216804,2177.6619317732384
16384,scaled_r,2.75,29,2.75,1.117684396444571,0.2734418586060291,0.15932477026876965,0.15855590852319104,58,59,32768,10382.599111540994,10382.280030991966,0.31908054902942173,0.002159686678724057,1054.9210365334993,0.270039898401478,-0.003073318655217735,2.463787592393016e-06,-0.003078147678898825,-0.003068489631536645,-1.947513116634654e-05,2610.377036083522,2597.780005243962
16384,scaled_r,3,30,3.0,1.128382977939532,0.276079434372648,0.1842762198317082,0.18366371141865906,60,61,32768,10317.823562666172,10317.507732676446,0.31582998972503,0.0012243323135092998,1072.7879085187512,0.2293261511463849,-0.0030611073711606625,1.8634840454191115e-06,-0.003064759799889684,-0.0030574549424316412,-1.92767327713031e-05,3019.181585722707,3009.14624788331
16384,fixed_alpha,1.01,31,0.23367583835085945,1.01,0.24698280240676612,0.008893530802926609,8.89030870783047e-10,62,63,32768,10913.554212221363,14827.621839628442,-3914.0676274070793,4919268.047649607,4954750.2379799755,-4936518.67962516,26.397136841906132,0.06074453054647103,26.278077562035048,26.516196121777217,0.23889572921185787,145.71160867514956,1.4565881786909443e-05
16384,fixed_alpha,1.03,32,0.7010275150525783,1.03,0.2518856047263533,0.012974215602388924,0.000913411442080404,64,65,32768,10830.640204660733,10952.070705653494,-121.43050099276184,5396.017997724264,7126.922251596034,-5779.317753040315,1.108744677205919,0.0036612729759330064,1.1015685821730903,1.1159207722387479,0.007411529601608999,212.56954842954013,14.96533306704534
16384,fixed_alpha,1.05,33,1.1683791917542972,1.05,0.2567933324266264,0.02378396108623105,0.014554447210140093,66,67,32768,10744.527934394726,10746.516054367527,-1.9881199728014884,6.29310041872153,972.1786750940527,-8.796724818973605,0.01850013495297846,0.00012892242978246839,0.018247446990604824,0.0187528229153521,0.0001213452131836846,389.6764184368095,238.46006309093528
16384,fixed_alpha,1.075,34,1.7525687876314433,1.075,0.262935280264487,0.06111201623231168,0.05809528966685378,68,69,32768,10624.58678720553,10624.29085851536,0.29592869016975815,0.08312207116119384,984.2679190023458,0.7600724663437552,-0.002785397106599087,1.4987341821837346e-05,-0.002814772296569888,-0.002756021916628286,-1.8062053843369027e-05,1001.2592739501946,951.8332259017324
16384,fixed_alpha,1.1,35,2.3367583835085943,1.1,0.2690857575821216,0.117280662205437,0.11606393119265018,70,71,32768,10487.092299208052,10486.766559388365,0.3257398196871287,0.007004973964568324,1025.1177699854343,0.3857774770598699,-0.0031061988253710806,4.401728599482889e-06,-0.003114826213426067,-0.0030975714373160943,-1.9881580791450725e-05,1921.5263695738797,1901.5914486603806
16384,fixed_alpha,1.2,36,4.673516767017183,1.2,0.2937821497998332,0.3279077516329495,0.32768,72,73,32768,9886.04195062743,9885.727005762219,0.31494486521089454,0.0001201575167870838,1185.0613891063467,0.12821355740463597,-0.003185854363845154,5.945278655128285e-07,-0.0031870196384615594,-0.003184689089228749,-1.9222709058282138e-05,5372.4406027542445,5368.70912
65536,scaled_r,0,0,0.0,1.0,0.24453317379349931,0.0038633043461258182,0.0,0,1,32768,43754.04464635611,59341.46232437072,-15587.41767801461,77238997.14572911,77561980.94830167,-77398497.51986937,26.267329903012975,0.06028048736246959,26.149180147782534,26.385479658243415,0.23784511837790848,253.18551362770162,0.0
65536,scaled_r,0.1,1,0.1,1.0037445035232364,0.24545030275148105,0.0040917885211918005,7.659285652827213e-25,2,3,32768,43695.61586135705,59345.91746399492,-15650.30160263787,77842339.2163658,78149895.98518176,-77994137.33415455,26.371319665135996,0.060427832152279475,26.25288111411753,26.489758216154463,0.23880465091915695,268.15945252482584,5.019589445436842e-20
65536,scaled_r,0.2,2,0.2,1.0074890070464726,0.24636759338545672,0.004352833921841217,8.421380285913666e-13,4,5,32768,43637.193403551704,59350.52966036885,-15713.336256817145,78448752.97934067,78740372.39117794,-78592593.14499427,26.475477719804886,0.060574543802825204,26.35675161395135,26.594203825658422,0.23976648341090614,285.26732390178597,5.5190357841763805e-08
65536,scaled_r,0.3,3,0.3,1.011233510569709,0.24728504726405787,0.004654452087862699,8.691840314653443e-09,6,7,32768,43578.75413507185,59346.75455273422,-15768.00041766237,78975569.03370446,79250556.17789195,-79111103.22093694,26.56927162487255,0.060706311394449625,26.45028725453943,26.68825599520567,0.240600592310522,305.0341720301698,0.000569628446861128
65536,scaled_r,0.4,4,0.4,1.0149780140929454,0.2482026659548653,0.005007454935985451,8.830261376304842e-07,8,9,32768,43520.269580879176,58517.31074485534,-14997.041163976168,71663046.01522426,71907913.61297017,-71783529.96522015,25.62838410221143,0.059401193260785995,25.51195776342029,25.74481044100257,0.22883668768274182,328.16856668474253,0.05787000095575141
65536,scaled_r,0.5,5,0.5,1.0187225176161818,0.249120451024415,0.005426710345699664,1.4128261411608905e-05,10,11,32768,43461.70408384248,50828.03562332502,-7366.331539482539,17671729.407825034,17786222.51060392,-17727034.961287845,14.492654396626186,0.03904680842315877,14.416122652116794,14.569186141135578,0.11240129912540495,355.64488921577316,0.9259097398712012
65536,scaled_r,0.6,6,0.6,1.022467021139418,0.2500384040382092,0.00593305642074265,8.970787217971446e-05,12,13,32768,43403.01225412223,44759.80902693543,-1356.7967728131985,613342.8599466882,636102.6920406893,-622789.8601782295,3.0312836500189473,0.009368331319165264,3.012921720633383,3.0496455794045114,0.02070307575703733,388.8287855897903,5.879095111169767
65536,scaled_r,0.7,7,0.7,1.0262115246626544,0.25095652656072054,0.006556221856887129,0.0003359047925188677,14,15,32768,43344.135250998115,43685.54552425427,-341.4102732561536,40988.08785668881,49254.39691573072,-43195.522183906425,0.781517706049023,0.002539075626690369,0.7765411178207099,0.7864942942773362,0.005209507343386132,429.6685556129549,22.013856482516513
65536,scaled_r,0.8,8,0.8,1.0299560281858908,0.25187482015540885,0.00733919457843553,0.0009041786040721102,16,17,32768,43284.995748263995,43397.06318157353,-112.0674333095399,4901.738700567891,10090.144022087572,-5576.388799287076,0.258237366986446,0.000888613969207795,0.25649568360679875,0.25997905036609326,0.0017100133256460555,480.9814558923509,59.256248996469814
65536,scaled_r,0.85,9,0.85,1.031828279947509,0.2523340315931258,0.007809145110138579,0.0013593405760261093,18,19,32768,43255.29670558514,43323.31299159701,-68.01628601186924,1946.1431024305216,6568.825045766101,-2340.5703881817144,0.1569969637942086,0.0005614628201310721,0.1558964966667517,0.1580974309216655,0.0010378461610697821,511.7801339380419,89.0857439904471
65536,scaled_r,0.9,10,0.9,1.0337005317091272,0.25279328638472776,0.00834435618199609,0.0019531121057203096,20,21,32768,43225.491128234156,43267.747142152904,-42.25601391874866,824.1250504009109,5123.7409417805175,-1059.3234942482527,0.09766169192937114,0.0003660688098892718,0.09694419706198817,0.09837918679675411,0.0006447756030082498,546.8557267432958,127.99915496048621
65536,scaled_r,0.95,11,0.95,1.0355727834707453,0.2532525847253656,0.008956862367229179,0.002701204746298111,22,23,32768,43195.56081651712,43222.21035497516,-26.64953845804242,366.9651627736037,4475.44986163662,-508.53494058376003,0.06165704678029009,0.0002446302129874546,0.06117757156283468,0.0621365219977455,0.0004066396859442508,586.9969320987315,177.026154253393
65536,scaled_r,0.975,12,0.975,1.0365089093515545,0.2534822502875408,0.009296420846042106,0.003137299830439569,24,25,32768,43180.54246840078,43201.78022540571,-21.237757004931513,248.74894990110033,4292.333530789892,-358.68887383422833,0.04915944874059196,0.00020153331537225348,0.04876444344246234,0.04955445403872157,0.00032406245429888173,609.2502365662154,205.6060816876876
65536,scaled_r,1,13,1.0,1.0374450352323634,0.2537119268101278,0.009660746329352798,0.003616634004474932,26,27,32768,43165.4848829155,43182.43321605423,-16.948333138733194,170.20252725613028,4163.069906363407,-255.49946279108897,0.03924821247088085,0.00016679987381857276,0.03892128471819645,0.03957514022356526,0.00025861104032490835,633.126671440465,237.01972611726913
65536,scaled_r,1.025,14,1.025,1.0383811611131726,0.25394161431750517,0.010051916618017638,0.004140386786655845,28,29,32768,43150.38499389792,43163.92000691452,-13.535013016606042,117.49048995803365,4070.6383599116366,-183.53497345180907,0.03135723774494494,0.0001386575149824857,0.03108546901557927,0.03162900647431061,0.0002065279085785834,658.7624074784039,271.34438845027745
65536,scaled_r,1.05,15,1.05,1.0393172869939817,0.2541713128340439,0.010472121122909846,0.004709558975914418,30,31,32768,43135.23954630594,43146.049656465424,-10.810110159484406,81.79154603496517,4003.8025269059326,-132.7613194328452,0.025054692713599367,0.00011574764923938904,0.024827827321090165,0.02528155810610857,0.00016494919066596079,686.3009299110197,308.6456570455273
65536,scaled_r,1.1,16,1.1,1.0411895387555998,0.25463074299207766,0.011408836101046932,0.005987294720210239,32,33,32768,43104.79800238573,43111.67853642574,-6.880534040005783,40.646243159706614,3919.2857828564424,-70.56124064176674,0.01595979157757059,8.167149032631076e-05,0.01579971545653102,0.01611986769861016,0.00010498861755379917,747.6894827182117,392.38334678369824
65536,scaled_r,1.15,17,1.15,1.043061790517218,0.25509021747913513,0.012489795646425066,0.007454449394565916,34,35,32768,43074.13058044857,43078.47727032218,-4.346689873613015,20.903062432407594,3873.5024311852003,-37.93200122007883,0.010090166015704451,5.861928578521706e-05,0.009975272215565425,0.010205059815843477,6.632522390156579e-05,818.5312474841131,488.53479552227185
65536,scaled_r,1.2,18,1.2,1.0449340422788362,0.25554973649006174,0.013733838797518992,0.009113143847335456,36,37,32768,43043.2051634335,43045.91120693947,-2.7060435059692143,11.146829967543098,3848.832618254499,-20.335841094478887,0.006286412414317694,4.284195671171381e-05,0.006202442179162735,0.006370382649472653,4.12909470515322e-05,900.0608594342046,597.2389951789764
65536,scaled_r,1.3,19,1.3,1.0486785458020726,0.25646890886259427,0.016777232816862313,0.013002825903375627,38,39,32768,42980.44457129612,42981.39479247685,-0.9502211807327061,3.5587604848802914,3830.977977876131,-5.275161232410344,0.0022107732550806516,2.4245424338909238e-05,0.0021632522233763895,0.0022582942867849136,1.4499224559520052e-05,1099.5127298858886,852.1531984036251
65536,scaled_r,1.4,20,1.4,1.0524230493253088,0.2573882616672324,0.02063268189772189,0.017634119869638545,40,41,32768,42916.24624475637,42916.45291165817,-0.20666690180093839,1.317879669256054,3832.5206833057027,-0.5625399878666705,0.0004815563444312466,1.477706602125986e-05,0.00045259329502957726,0.0005105193938329159,3.15348666078092e-06,1352.1834408491018,1155.6696797766317
65536,scaled_r,1.45,21,1.45,1.0542953010869272,0.25784800621806514,0.022873369369928998,0.02021471510724139,42,43,32768,42883.530964756916,42883.54539636005,-0.014431603135941273,0.8413490170040648,3836.8755592947928,0.3677944972029173,3.365300840346616e-05,1.1816055138225583e-05,1.0493540332544017e-05,5.68124764743883e-05,2.202087880850414e-07,1499.0291350276668,1324.7915692681718
65536,scaled_r,1.5,22,1.5,1.0561675528485452,0.25830779646057506,0.025317799253772037,0.022962916362841212,44,45,32768,42850.37087746084,42850.2588499416,0.11202751923358245,0.5519478065445974,3842.7272208305267,0.865972207436304,-0.00026143953908398646,9.577867342442452e-06,-0.00028021215907517367,-0.00024266691909279926,-1.7094042851803963e-06,1659.2272918952042,1504.8976867551617
65536,scaled_r,1.55,23,1.55,1.0580398046101633,0.2587676325891917,0.027957915846549455,0.025871090249538282,46,47,32768,42816.745854044835,42816.55035438737,0.1954996574632386,0.3709272880361549,3849.71193427429,1.1128447882740862,-0.0004565983383647486,7.857815875036711e-06,-0.00047199965747982055,-0.00044119701924967667,-2.9830880350225618e-06,1832.249972919465,1695.4877705937408
65536,scaled_r,1.6,24,1.6,1.0599120563717817,0.2592275147982836,0.030783465133986963,0.028931139262048385,48,49,32768,42782.64042933024,42782.389649320416,0.25078000982246973,0.2547071696689698,3857.5811209069557,1.2148286641934385,-0.0005861757883981436,6.516562268081514e-06,-0.0005989482504435834,-0.0005734033263527039,-3.826599270972744e-06,2017.4251710209696,1896.031142677603
65536,scaled_r,1.75,25,1.75,1.0655288116566362,0.2606074398512379,0.040255486455182246,0.038937774662177196,50,51,32768,42677.35333859142,42677.02564252147,0.32769606995075984,0.09234408812397428,3885.019683063242,1.165331262615973,-0.0007678512384992881,3.933180608991846e-06,-0.0007755602724929121,-0.000760142204505664,-5.000245207988889e-06,2638.1835603268237,2551.8260002604447
65536,scaled_r,2,26,2.0,1.074890070464727,0.26290825467344187,0.05866215378232043,0.05785969666311366,52,53,32768,42491.98022825693,42491.6287858832,0.3514423737292591,0.02302736916877368,3938.796488633617,0.8537084432385385,-0.0008270861432499787,1.9722553777023783e-06,-0.0008309517637902754,-0.000823220522709682,-5.3625850483590565e-06,3844.482910278152,3791.893080513817
65536,scaled_r,2.25,27,2.25,1.0842513292728178,0.2652102651733915,0.0792645982909428,0.078732698098824,54,55,32768,42295.1425477858,42294.795902204605,0.3466455811952147,0.007593139531876149,3998.390640978129,0.6234938428815944,-0.0008195939330142173,1.1374020510743763e-06,-0.0008218232410343231,-0.0008173646249941115,-5.289391802905498e-06,5194.684713595228,5159.826102604529
65536,scaled_r,2.5,28,2.5,1.0936125880809087,0.2675134955625488,0.10111126773616537,0.10073395445358237,56,57,32768,42088.552392448924,42088.21426581419,0.33812663473522764,0.00306974671852974,4060.7502407934735,0.46770386415112747,-0.0008033760534475045,7.263603904559391e-07,-0.0008047997198127982,-0.0008019523870822109,-5.159402995837824e-06,6626.428042357334,6601.700439069974
65536,scaled_r,2.75,29,2.75,1.1029738468889996,0.2698179700185032,0.12351765378547935,0.12323557476884398,58,59,32768,41874.152314957704,41873.8218562197,0.33045873800626135,0.0014448572883077949,4123.988961942905,0.3681038208069628,-0.0007891773985688313,5.00505344921105e-07,-0.0007901583890448767,-0.0007881964080927859,-5.042400177097494e-06,8094.852958485175,8076.366628050959
65536,scaled_r,3,30,3.0,1.1123351056970905,0.2721237126858257,0.14600067123736082,0.1457809920546696,60,61,32768,41653.829806071146,41653.505419242836,0.3243868283108853,0.0007637007146054799,4187.438820828459,0.3031059953062588,-0.0007787743793611834,3.654358934624323e-07,-0.0007794906337123698,-0.000778058125009997,-4.949750187849202e-06,9568.299990211679,9553.903095294827
65536,fixed_alpha,1.01,31,0.26705810097241084,1.01,0.24698280240676612,0.004550015764584023,8.89030870783047e-10,62,63,32768,43598.00862707288,59352.83883218567,-15754.830205112788,78848719.20628475,79129329.82491113,-78987061.85118383,26.544358307204185,0.06067110417934201,26.425442943012673,26.663273671395697,0.24039963081531965,298.18983314777853,5.826352714763777e-05
65536,fixed_alpha,1.03,32,0.8011743029172325,1.03,0.2518856047263533,0.007349563494535978,0.000913411442080404,64,65,32768,43284.29933306991,43395.02222099273,-110.72288792282252,4792.354171056666,9963.303911097695,-5458.342082049806,0.25515112622585395,0.0008787123799724206,0.253428849961108,0.2568734024905999,0.0016894971912051776,481.66099317790986,59.86133226818136
65536,fixed_alpha,1.05,33,1.3352905048620543,1.05,0.2567933324266264,0.018042528293346495,0.014554447210140093,66,67,32768,42957.96618556096,42958.579448323515,-0.6132627625586198,2.466980985214554,3830.098051511205,-2.9716708743868256,0.0014275676021744076,2.0197639772579603e-05,0.0013879802282201516,0.0014671549761286636,9.357647133768002e-06,1182.435134232756,953.8402523637411
65536,fixed_alpha,1.075,34,2.002935757293078,1.075,0.262935280264487,0.05889351249761604,0.05809528966685378,68,69,32768,42489.73241601179,42489.380956701876,0.35145930991915386,0.022696503757784443,3939.4683757315943,0.8504386193640406,-0.0008271697586681785,1.9581323528474632e-06,-0.0008310076980797595,-0.0008233318192565975,-5.362843474108183e-06,3859.645235043765,3807.3329036069294
65536,fixed_alpha,1.1,35,2.6705810097241085,1.1,0.2690857575821216,0.11637180281959969,0.11606393119265018,70,71,32768,41942.991010710735,41942.65827867051,0.3327320402234133,0.001810772959937571,4103.858946739918,0.39540257683594454,-0.0007933022223167495,5.595366501232319e-07,-0.000794398914150991,-0.000792205530482508,-5.077088016104329e-06,7626.542469585285,7606.365794641522
65536,fixed_alpha,1.2,36,5.34116201944821,1.2,0.2937821497998332,0.32773698538231294,0.32768,72,73,32768,39540.818991585875,39540.503913003275,0.31507858260256105,3.0399512013731145e-05,4747.658917772782,0.12943518490834305,-0.0007968501951714996,7.476622056073907e-08,-0.0007969967369637987,-0.0007967036533792005,-4.807717630043961e-06,21478.57107401526,21474.83648
262144,scaled_r,0,0,0.0,1.0,0.24453317379349931,0.0019316521730629091,0.0,0,1,32768,174889.26693560398,237490.1412779905,-62600.87434238651,1238916516.1587532,1241430346.0329826,-1240165434.4755807,26.359357068683536,0.06027144912847813,26.241225028391717,26.477489108975355,0.23880338417963604,506.37102725540325,0.0
262144,scaled_r,0.1,1,0.1,1.00332844757621,0.24534839157862778,0.002046025163386199,7.479780355789483e-28,2,3,32768,174687.73431322552,237506.3712244319,-62818.63691120639,1247405847.4990008,1249793379.3490279,-1248591662.31816,26.449242850772137,0.060400794023985904,26.330857294485124,26.56762840705915,0.23963408245546872,536.3532204307118,1.9607795415880781e-22
262144,scaled_r,0.2,2,0.2,1.0066568951524202,0.24616373697000232,0.002177117410118827,2.6316878229159895e-14,4,5,32768,174486.36637301475,237523.10009704216,-63036.73372402741,1255931979.0325572,1258188895.847572,-1257052529.7594662,26.539201323270532,0.06052965680849017,26.42056319592589,26.657839450615175,0.24046605577097857,570.7182663581898,6.8988117265048916e-09
262144,scaled_r,0.3,3,0.3,1.0099853427286303,0.2469792110694463,0.0023292199459433996,8.62342966615112e-10,6,7,32768,174285.11401984966,237526.75010702657,-63241.63608717692,1263970678.6655672,1266091791.1545594,-1265023368.4250166,26.625058465491165,0.06065237938171165,26.50617980190301,26.74393712907932,0.24124769625540513,610.5910335093865,0.00022605803464035193
262144,scaled_r,0.4,4,0.4,1.0133137903048404,0.2477948149781259,0.0025082215739694776,1.5609921217724305e-07,8,9,32768,174083.91592932065,235149.72150862843,-61065.80557930777,1181195388.2139168,1183103883.5650911,-1182141808.192279,25.9689040614352,0.0597563235697862,25.85178166723842,26.08602645563198,0.23294756156657323,657.5152362866547,0.0409204718769912
262144,scaled_r,0.5,5,0.5,1.0166422378810505,0.2486105497965551,0.0027223950488302123,3.5320871311645468e-06,10,11,32768,173882.69419992773,203430.79159414867,-29548.09739422093,282633160.59485185,283501671.67785096,-283059624.57115,14.52488935557523,0.03901202853804133,14.448425779640669,14.60135293150979,0.11271704633415577,713.6595276805472,0.925915448911999
262144,scaled_r,0.6,6,0.6,1.0199706854572606,0.24942641662459625,0.002983658846033783,2.8256418270205118e-05,12,13,32768,173681.34768887464,178030.36246119544,-4349.01477232081,6223577.303154799,6354543.778150496,-6281302.114888466,2.442850035352114,0.00755021911082766,2.428051605894892,2.457648464809336,0.016590174760134926,782.14826453468,7.4072505110246505
262144,scaled_r,0.7,7,0.7,1.0232991330334706,0.2502424165614705,0.003309637517226934,0.00012478922882727022,14,15,32768,173479.74191958518,174420.2116521259,-940.4697325407059,303481.9451471517,341839.1503556423,-314931.8163534249,0.5391976787738539,0.0017350344025216478,0.5357970113449115,0.5425983462027963,0.003587607317126106,867.6016173159373,32.71274760169592
262144,scaled_r,0.8,8,0.8,1.0266275806096807,0.25105855070575794,0.0037270429278150425,0.0003801640279847958,16,17,32768,173277.6942691536,173554.5208157997,-276.82654664608947,28769.922606191605,50358.382606480845,-31861.004158860684,0.15950408283509737,0.0005389406187763574,0.1584477592222957,0.16056040644789904,0.001056009470543249,977.0219412691465,99.65771895204631
262144,scaled_r,0.85,9,0.85,1.0282918043977858,0.2514666684488164,0.003982143668110215,0.0006014228199904167,18,19,32768,173176.4290271196,173336.9321408032,-160.50311368361625,10350.031174691201,29163.874134843092,-12064.780387176572,0.09259602769087784,0.00032388140198398824,0.09196122014298923,0.09323083523876645,0.0006122707888931894,1043.8950697330843,157.6593837235678
262144,scaled_r,0.9,10,0.9,1.0299560281858908,0.25187482015540885,0.004277093183574966,0.0009041786040721102,20,21,32768,173074.95082911075,173170.48134458164,-95.53051547090348,3992.358018778037,21304.67363797709,-4965.93539887221,0.05516558868991823,0.00020142717022153883,0.054770791436284015,0.05556038594355244,0.00036441999615060227,1121.214315515076,237.02499598587926
262144,scaled_r,0.95,11,0.95,1.0316202519739959,0.25228300596268305,0.004620617573306038,0.0013022336716556693,22,23,32768,172973.21124441377,173030.9983645162,-57.787120102450885,1621.3462903998452,18088.5683075608,-2180.4402314062077,0.03339697548338333,0.00012849733972624257,0.033145120697519896,0.03364883026924676,0.00022044036904316286,1211.267173136738,341.3727436225038
262144,scaled_r,0.975,12,0.975,1.0324523638680483,0.25248711169692195,0.004813859227061899,0.0015410351444718688,24,25,32768,172922.22582848044,172967.32811182237,-45.10228334193572,1048.7297330672955,17239.0357730667,-1472.7711631761122,0.02607560851768338,0.00010339127636805636,0.02587296161600199,0.02627825541936477,0.00017205155693792617,1261.9243132189144,403.97311691243357
262144,scaled_r,1,13,1.0,1.033284475762101,0.25269122600774463,0.005023432009529964,0.0018083393425636016,26,27,32768,172871.15264639817,172906.39612213903,-35.24347574087245,683.8813443241321,16662.534924884734,-1005.0547204270271,0.02038297976899413,8.352652966162414e-05,0.02021926777085735,0.020546691767130913,0.00013444319053982715,1316.862560706223,474.04530861699277
262144,scaled_r,1.025,14,1.025,1.0341165876561533,0.25289534891228016,0.005251021623498361,0.0021055163260117965,28,29,32768,172819.9827957836,172847.5348243876,-27.55202860400403,449.17517641599545,16265.537082061432,-691.6927012750051,0.015940076109269813,6.771942878066848e-05,0.015807346028859703,0.016072806189679923,0.00010510264817811596,1376.5238124703544,551.9484717660364
262144,scaled_r,1.05,15,1.05,1.034948699550206,0.2530994804276602,0.00549845448920014,0.0024338322438602557,30,31,32768,172768.70662332128,172790.2409355743,-21.5343122530115,296.9319979381959,15988.715666554857,-479.16125577940153,0.012462690101254432,5.5080407564940464e-05,0.012354732502427149,0.012570647700081716,8.21468820686779e-05,1441.3868536168816,638.0145197345029
262144,scaled_r,1.1,16,1.1,1.036612923338311,0.25350776935946095,0.006060806293776418,0.0031884007901900662,32,33,32768,172665.79274962153,172678.90700724276,-13.114257621242256,132.13425035942896,15655.90104386695,-232.8018856942036,0.0075945915158544515,3.676930943799997e-05,0.007522523669355971,0.007666659362352932,5.002692268845465e-05,1588.8040050757254,835.8201367435847
262144,scaled_r,1.15,17,1.15,1.038277147126416,0.2539160929401354,0.0067274280930476864,0.004079965875551013,34,35,32768,172562.31795747395,172570.2403967767,-7.9224393027466125,60.27829301187497,15488.578757523748,-113.44607291702036,0.004590849085294888,2.4851476222957942e-05,0.00454214019189789,0.004639557978691885,3.0221707545267534e-05,1763.5549100238927,1069.5385744804448
262144,scaled_r,1.2,18,1.2,1.039941370914521,0.25432445130663806,0.007516161605487872,0.005114654933874076,36,37,32768,172458.1769344368,172462.89905849524,-4.7221240584358295,28.319891154198263,15406.459092317069,-54.33513257483683,0.002738052116840619,1.704521222531232e-05,0.002704643500879007,0.002771460732802231,1.8013473733657186e-05,1970.3166679090127,1340.7761029854857
262144,scaled_r,1.3,19,1.3,1.0432698184907312,0.25514127294474276,0.00952680359018833,0.007629273694745543,38,39,32768,172247.4257184009,172248.97193012107,-1.5462117201737566,7.017511126130466,15360.904826345874,-9.835973539569455,0.0008976609281598688,8.495804750268744e-06,0.0008810091508493421,0.0009143127054703956,5.898329621024157e-06,2497.39440034633,1999.9683234353756
262144,scaled_r,1.4,20,1.4,1.0465982660669413,0.25595823536863715,0.012195001206890758,0.010748302619935113,40,41,32768,172032.5611577028,172032.9114674853,-0.35030978250360967,2.0909640119661055,15383.135929957663,0.9484237206116591,0.00020362951455938082,4.643411578638354e-06,0.00019452842786524965,0.000212730601253512,1.3363257694382083e-06,3196.846396379171,2817.6030420002703
262144,scaled_r,1.45,21,1.45,1.0482624898550463,0.25636676971723105,0.01378917878016077,0.012533389140088764,42,43,32768,171923.29043772118,171923.36037458896,-0.06993686776030206,1.222641680639818,15405.543378468268,2.4668219884776534,4.067909538757424e-05,3.5529581890518507e-06,3.371529733703261e-05,4.7642893438115864e-05,2.667879782116015e-07,3614.750482146465,3285.552762739429
262144,scaled_r,1.5,22,1.5,1.0499267136431514,0.25677533967257327,0.015555561943115791,0.014465999404218511,44,45,32768,171812.65526836016,171812.55155982188,0.10370853827221271,0.7441246693567322,15432.244415209218,3.005036616703951,-6.036144468531646e-05,2.7735879337696795e-06,-6.579767703550503e-05,-5.4925212335127894e-05,-3.956166773689755e-07,4077.797230016146,3792.1749478194574
262144,scaled_r,1.55,23,1.55,1.0515909374312564,0.2571839453713501,0.017489565784564273,0.016542843585848396,46,47,32768,171700.56861479327,171700.35676165583,0.21185313743854817,0.46865201658248273,15461.915107093728,3.069205469827425,-0.00012338537987584383,2.2025490135124027e-06,-0.00012770237594232815,-0.00011906838380935952,-8.08155584100907e-07,4584.784733028817,4336.607188968642
262144,scaled_r,1.6,24,1.6,1.0532551612193615,0.2575925869502138,0.019584851240362616,0.01875989450447901,48,49,32768,171586.95810563213,171586.6786585412,0.27944709094203013,0.30415908937787534,15493.70004509039,2.9084717904851667,-0.00016286059799440022,1.7755590904928415e-06,-0.0001663406938117662,-0.00015938050217703426,-1.066006053703423e-06,5134.0512435536175,4917.793784982146
262144,scaled_r,1.75,25,1.75,1.0582478325836766,0.2588187283332911,0.026763175407912423,0.026203747269656845,50,51,32768,171236.4710571473,171236.10724930724,0.36380784005781397,0.09615590821190244,15596.558407059776,2.1451519394611807,-0.00021245977025636094,1.0003391054689167e-06,-0.00021442043490308002,-0.00021049910560964186,-1.3878167726814803e-06,7015.805854131794,6869.155124256924
262144,scaled_r,2,26,2.0,1.0665689515242018,0.26086302765035835,0.04123502111111243,0.04091399845649203,52,53,32768,170618.8270049463,170618.44710382418,0.3799011221263049,0.0202712550844771,15780.642711121483,1.2615110463350356,-0.0002226612236689323,4.6092473930658015e-07,-0.0002235646361579732,-0.0002217578111798914,-1.4492077717830845e-06,10809.513374151456,10725.359211378647
262144,scaled_r,2.25,27,2.25,1.074890070464727,0.26290825467344187,0.05806349830134008,0.05785969666311366,54,55,32768,169960.1043195506,169959.73608411718,0.36823543341045006,0.005889645741702453,15973.85590970211,0.8278761552030006,-0.00021666039374655267,2.4936990134823655e-07,-0.00021714915875319522,-0.00021617162873991013,-1.4047067009370806e-06,15220.997698706495,15167.572322055268
262144,scaled_r,2.5,28,2.5,1.0832111894052523,0.2649544264300392,0.07648427617432947,0.07634443259451983,56,57,32768,169264.05730964287,169263.70232768872,0.35498195415427336,0.002145277120262404,16174.169719345382,0.5914706358354529,-0.00020972125108491393,1.5108064956370064e-07,-0.00021001736915805878,-0.0002094251330117691,-1.3541486898585257e-06,20049.894093443425,20013.234938057805
262144,scaled_r,2.75,29,2.75,1.0915323083457773,0.2670015599259587,0.09588414492704876,0.09578235063893673,58,59,32768,168535.93748624658,168535.59363788448,0.34384836208768377,0.0009269807117829457,16378.487035369004,0.45183921701127316,-0.00020402121276914137,9.970166885288354e-08,-0.000204216628040093,-0.00020382579749818973,-1.3116774066455222e-06,25135.45328775627,25108.76852589343
262144,scaled_r,3,30,3.0,1.0998534272863028,0.2690496721457989,0.1157883189466303,0.11571076989121792,60,61,32768,167781.4256275802,167781.09055980944,0.33506777075918315,0.00045637164653953573,16586.5472338937,0.3651776661122791,-0.00019970532414660905,7.02308313738764e-08,-0.00019984297657610185,-0.00019956767171711625,-1.2781821089141203e-06,30353.213081945454,30332.88406236343
262144,fixed_alpha,1.01,31,0.30044036359396215,1.01,0.24698280240676612,0.0023299441819036484,8.89030870783047e-10,62,63,32768,174284.22794818494,237526.4067036887,-63242.178755503766,1263992218.567977,1266112710.3334773,-1265044598.1419199,26.625325425142144,0.06065276866297167,26.506445998562718,26.74420485172157,0.24124976637078768,610.78088762095,0.00023305410859055108
262144,fixed_alpha,1.03,32,0.9013210907818865,1.03,0.2518856047263533,0.004285502368626339,0.000913411442080404,64,65,32768,173072.26627863353,173166.52045564822,-94.25417701468437,3896.11800145927,21179.44640266593,-4855.435162902575,0.05442979206758674,0.0001989906697741509,0.0540397703548294,0.054819813780344076,0.0003595511513316512,1123.418732921183,239.44532907272543
262144,fixed_alpha,1.05,33,1.5022018179698107,1.05,0.2567933324266264,0.01563724172131467,0.014554447210140093,66,67,32768,171807.75051635868,171807.64089321435,0.10962314431761744,0.7286305877879491,15433.49633241117,3.0150341831158394,-6.380574446380578e-05,2.744638257387493e-06,-6.918523544828527e-05,-5.8426253479326293e-05,-4.1817910887763e-07,4099.209093792313,3815.3610094549645
262144,fixed_alpha,1.075,34,2.253302726954713,1.075,0.262935280264487,0.05829798670047974,0.05809528966685378,68,69,32768,169951.141653062,169950.77359826697,0.36805479503155336,0.005803996902982088,15976.461421684642,0.8238226942054382,-0.00021656553085281543,2.4756243010181056e-07,-0.00021705075321581499,-0.00021608030848981586,-1.4040176202070364e-06,15282.46742561056,15229.331614427718
262144,fixed_alpha,1.1,35,3.0044036359396213,1.1,0.2690857575821216,0.11614113614878291,0.11606393119265018,70,71,32768,167767.93258274274,167767.5976507549,0.3349319878358026,0.0004511457625133492,16590.242138069072,0.36393266021324266,-0.00019964045055531946,6.983236779201091e-08,-0.0001997773219961918,-0.00019950357911444712,-1.2776641381675819e-06,30445.701994586547,30425.46317856609
262144,fixed_alpha,1.2,36,6.0088072718792365,1.2,0.2937821497998332,0.32769424931836477,0.32768,72,73,32768,158162.39268699387,158162.07748588125,0.31520111262340933,7.5763106445935565e-06,19056.560860492787,0.12622152625242006,-0.00019928994208586224,9.338827927437071e-09,-0.0001993082461886,-0.00019927163798312447,-1.2023968224464772e-06,85903.08129331341,85899.34592
1048576,scaled_r,0,0,0.0,1.0,0.24453317379349931,0.0009658260865314546,0.0,0,1,32768,699305.117991375,949745.254075536,-250440.136084161,19912317615.340492,19932484413.255936,-19922369357.795063,26.369190581313795,0.060424065449979074,26.250759413031837,26.487621749595753,0.23883832558075047,1012.7420545108065,0.0
1048576,scaled_r,0.1,1,0.1,1.0029956028185891,0.2452668640760205,0.0010230650806955306,7.304480199108858e-31,2,3,32768,698592.2332766652,949802.9517622506,-251210.71848558536,20034172981.208633,20053311706.52376,-20043710882.868748,26.44871949697489,0.06054010793495508,26.330060885422377,26.5673781085274,0.23957321022566352,1072.7614900553967,7.6593026292607695e-25
1048576,scaled_r,0.2,2,0.2,1.0059912056371783,0.24600065763033135,0.0010888405928796625,8.224040654324407e-16,4,5,32768,697880.2032724009,949862.2673450246,-251982.06407262367,20156486706.953342,20174561564.20563,-20165492861.96263,26.528273912484472,0.06065576295849878,26.409388617085813,26.64715920788313,0.24030882270109527,1141.732113519385,8.623531653148869e-10
1048576,scaled_r,0.3,3,0.3,1.0089868084557672,0.24673455525973387,0.0011654161499598467,8.555551127016218e-11,6,7,32768,697168.9245268528,949901.6841733245,-252732.75964647174,20275925068.3551,20292894733.252644,-20284378806.009182,26.60620186881958,0.060768779396514504,26.48709506120241,26.725308676436747,0.24102474178931402,1222.0274048602962,8.971145578562157e-05
1048576,scaled_r,0.4,4,0.4,1.0119824112743563,0.2474685577670992,0.0012559394478531966,2.759481170376519e-08,8,9,32768,696458.2672337994,943141.510230061,-246683.24299626163,19349256509.404415,19364666440.439053,-19356930549.75849,26.155485716675546,0.060157201155101925,26.037577602411545,26.273393830939547,0.23525547313333667,1316.9479624721134,0.02893525727708729
1048576,scaled_r,0.5,5,0.5,1.0149780140929454,0.2482026659548653,0.0013649082422963236,8.830261376304842e-07,10,11,32768,695748.0646257456,813812.3471185318,-118064.28249278612,4530032044.254972,4536929871.46355,-4533450192.264236,14.507556061396306,0.03905472612381136,14.431008798193636,14.584103324598976,0.1125948738983022,1431.2100250741098,0.9259200152920226
1048576,scaled_r,0.6,6,0.6,1.0179736169115345,0.24893688062504815,0.0014989476270424636,8.900266732765008e-06,12,13,32768,695038.0972620711,708893.4508209337,-13855.353558862636,63151794.31221524,63948356.06297072,-63519457.85789784,1.9545043818386885,0.00607105596742925,1.9426051121425272,1.9664036515348498,0.013213494833815228,1571.7605069736783,9.332606089575801
1048576,scaled_r,0.7,7,0.7,1.0209692197301234,0.24967120257923364,0.0016681460301468788,4.635934063734739e-05,14,15,32768,694328.0672342981,696895.6779862513,-2567.6107519532643,2241329.9386184528,2426691.314735849,-2303528.450087061,0.368435453549178,0.0011822589652037716,0.3661182259773786,0.3707526811209774,0.002448664428666367,1749.1778917072936,48.61129196814718
1048576,scaled_r,0.8,8,0.8,1.0239648225487126,0.25040563261859133,0.0018884052570225323,0.00015984054666064068,16,17,32768,693617.5580252393,694294.0538810395,-676.4958558002731,168403.30629186225,259150.59522304925,-183414.2511430154,0.09743650431956372,0.0003261713724764354,0.09679720842950991,0.09807580020961752,0.0006451567228319866,1980.1364307876588,167.60496105522796
1048576,scaled_r,0.85,9,0.85,1.0254626239580071,0.2507728884204602,0.002025208272592715,0.0002660912611181755,18,19,32768,693261.9456400636,693636.546370996,-374.6007309324889,54991.29856428296,131551.56736155789,-62961.494175395535,0.05400533361345284,0.0001866472101147134,0.053639505081628,0.05437116214527768,0.00035724709599732293,2123.5847896421787,279.016910218252
1048576,scaled_r,0.9,10,0.9,1.0269604253673017,0.251140171543871,0.0021855889329032143,0.00041858177306641395,20,21,32768,692905.9685739427,693119.5350276656,-213.56645372284962,19376.693734817367,88612.12420198419,-23731.78604320492,0.0308123552908266,0.00011090289174887884,0.030594985622998797,0.0310297249586544,0.00020367284176144563,2291.756100907921,438.9148012748881
1048576,scaled_r,0.95,11,0.95,1.0284582267765963,0.25150748208885343,0.002375483634255858,0.0006277971161831492,22,23,32768,692549.5051805549,692673.3497545375,-123.84457398248603,7199.065389488341,72467.2101370762,-9611.728994924913,0.017879217386719555,6.765205400710065e-05,0.017746619360865638,0.018011815412573472,0.00011810738943337061,2490.8751272734708,658.2929888988618
1048576,scaled_r,0.975,12,0.975,1.0292071274812435,0.2516911476756847,0.0024838026888404914,0.0007569514282303141,24,25,32768,692371.0456496691,692465.6609245188,-94.6152748497278,4449.8481278053405,68451.07222311282,-6247.152060909998,0.013663533109122822,5.320667552313636e-05,0.013559248025097476,0.013767818193148169,9.023215756390361e-05,2604.455888253607,793.7211008080299
1048576,scaled_r,1,13,1.0,1.0299560281858908,0.25187482015540885,0.0026025054571983857,0.0009041786040721102,26,27,32768,692192.4058949035,692264.7479531509,-72.3420582473958,2769.222290491226,65816.99836864136,-4106.100594327025,0.010450056638199864,4.1986964450903086e-05,0.010367762187876094,0.010532351088523633,6.899076294650631e-05,2728.9247622872545,948.099983943517
1048576,scaled_r,1.025,14,1.025,1.030704928890538,0.25205849954052195,0.0027328611407511035,0.0010707182640897735,28,29,32768,692013.5617542781,692068.8695196859,-55.3077654077492,1732.427193764018,64060.32758200204,-2723.76271922671,0.007991656299485665,3.321992832146704e-05,0.00792654523997559,0.00805676735899574,5.274559536719246e-05,2865.612603524229,1122.7294744861983
1048576,scaled_r,1.05,15,1.05,1.0314538295951854,0.25224218584351743,0.0028762803581239968,0.0012577661785494632,30,31,32768,691834.4865206733,691876.7347443773,-42.248223704075116,1088.1784903291325,62872.04922352038,-1819.8787532994695,0.006106322352302286,2.6336136525118904e-05,0.006054703524713053,0.006157941179891519,4.0291045860362163e-05,3015.998552800228,1318.863428438682
1048576,scaled_r,1.1,16,1.1,1.03295163100448,0.25260957925312955,0.003208657810998522,0.0016979073834040715,32,33,32768,691475.5218770015,691500.0485616644,-24.52668466296388,433.27365612281875,61497.75550537797,-823.6114036043209,0.0035468811193838574,1.6627797045492265e-05,0.0035142906371746926,0.0035794716015930222,2.3390469229663735e-05,3364.521572825586,1780.3849324603077
1048576,scaled_r,1.15,17,1.15,1.0344494324137745,0.25297700048417116,0.003613599676466539,0.0022330387203520767,34,35,32768,691115.2401549326,691129.332869561,-14.092714628458474,174.53000001674542,60840.27573512657,-374.73631478931014,0.002039085010318645,1.0559218282081473e-05,0.0020183889424857655,0.002059781078151525,1.3439859989603494e-05,3789.1338943505775,2341.510809231899
1048576,scaled_r,1.2,18,1.2,1.0359472338230689,0.2533444496365457,0.004106519260944897,0.0028705370800415518,36,37,32768,690753.3208008347,690761.3044431711,-7.983642336482021,71.59105153044686,60531.40299726281,-168.58175465661475,0.001155774402116764,6.766508110107514e-06,0.0011425120462209533,0.0011690367580125746,7.6137946476764875e-06,4305.997540564556,3009.97628924165
1048576,scaled_r,1.3,19,1.3,1.038942836641658,0.25407943210476924,0.005416912826613232,0.00447638305717236,38,39,32768,690023.069688311,690025.4560552473,-2.386366936332106,13.450108248824474,60367.17168585728,-29.028811430539697,0.0003458375217016689,2.936091458172791e-06,0.0003400827824436502,0.0003515922609596876,2.275816856700998e-06,5680.0447840787965,4693.827840557565
1048576,scaled_r,1.4,20,1.4,1.0419384394602471,0.254814527456505,0.007236688199837466,0.006551254556308476,40,41,32768,689281.5275974866,689282.0576527722,-0.5300552855292686,3.1904956435844585,60440.13942988154,-0.2581565249448478,7.689962035777892e-05,1.4315519476369036e-06,7.409377854041059e-05,7.970546217514726e-05,5.055001120846449e-07,7588.217565832771,6869.488297635717
1048576,scaled_r,1.45,21,1.45,1.0434362408695417,0.25518211771317695,0.008352643445148222,0.007770838101428185,42,43,32768,688905.4991281285,688905.6366118469,-0.13748371838583395,1.7095761045375013,60512.35165741685,3.2790045914394406,1.995682878456357e-05,1.0484788646864872e-06,1.7901810209778056e-05,2.2011847359349086e-05,1.3111469114859958e-07,8758.381453139742,8148.31433304316
1048576,scaled_r,1.5,22,1.5,1.0449340422788362,0.25554973649006174,0.00960731308987409,0.009113143847335456,44,45,32768,688525.4679583866,688525.3764053073,0.09155307933865586,0.9678978962870948,60597.15722711671,4.436359538552972,-1.329697967221505e-05,7.893499571320197e-07,-1.4844105588193808e-05,-1.1749853756236291e-05,-8.73118203531798e-08,10073.997930527814,9555.823922863623
1048576,scaled_r,1.55,23,1.55,1.0464318436881308,0.25591738388688395,0.01099897089538294,0.01057800883456746,46,47,32768,688141.1078771858,688140.8816870792,0.2261901066246672,0.5737565724480699,60690.2593630255,4.581888961022487,-3.2869738253325205e-05,6.080795136713757e-07,-3.40615741001211e-05,-3.167790240652931e-05,-2.157116953131363e-07,11533.256905597062,11091.846191715409
1048576,scaled_r,1.6,24,1.6,1.0479296450974254,0.25628506000334694,0.012524661454166844,0.012164479277736132,48,49,32768,687752.1341168139,687751.8283433343,0.3057734796179403,0.3532414610877401,60789.337747534395,4.346202614603306,-4.4459857032222157e-05,4.773937696232252e-07,-4.539554882068368e-05,-4.3524165243760636e-05,-2.9160831414979966e-07,13133.059408964453,12755.381023131442
1048576,scaled_r,1.75,25,1.75,1.0524230493253088,0.2573882616672324,0.017867322606935486,0.017634119869638545,50,51,32768,686555.2890132698,686554.8932947458,0.39571852395338425,0.09811667500470563,61112.390999163326,3.2322044222973516,-5.763829342972839e-05,2.520362304184038e-07,-5.8132284441348464e-05,-5.714430241810832e-05,-3.77386592820534e-07,18735.245669889984,18490.714876426107
1048576,scaled_r,2,26,2.0,1.0599120563717817,0.2592275147982836,0.029057573933729926,0.028931139262048385,52,53,32768,684452.5785603831,684452.1737223403,0.40483804278583335,0.01751423839542843,61718.09450201677,1.95844611469991,-5.914774739981508e-05,1.0680684729105357e-07,-5.9357088820505544e-05,-5.893840597912462e-05,-3.860836437090238e-07,30469.07464513479,30336.498282841647
1048576,scaled_r,2.25,27,2.25,1.0674010634182542,0.2610675083247692,0.04259714722343213,0.04252014496721873,54,55,32768,682210.333510801,682209.9455362121,0.38797458886401515,0.004460744619526361,62389.9537379368,1.2614881465839973,-5.687026279850992e-05,5.4074410171521555e-08,-5.69762486424461e-05,-5.6764276954573737e-05,-3.7000140081788554e-07,44666.34624695757,44585.60352914635
1048576,scaled_r,2.5,28,2.5,1.074890070464727,0.26290825467344187,0.05791085366996095,0.05785969666311366,56,57,32768,679833.8579404231,679833.4867336621,0.3712067610345855,0.0014655517885188004,63105.681269977824,0.8726063735494984,-5.460260023643303e-05,3.1098154333017635e-08,-5.4663552618925746e-05,-5.454164785394031e-05,-3.540103540750365e-07,60723.931297832976,60670.28928822107
1048576,scaled_r,2.75,29,2.75,1.0823790775111997,0.26474976625653823,0.07448065596975134,0.07444437784208927,58,59,32768,677335.4626375678,677335.1052426156,0.357394952210889,0.0005826057606561056,63848.19647260691,0.6396734434316104,-5.276486475374301e-05,1.9674953779003576e-08,-5.280342766314986e-05,-5.2726301844336163e-05,-3.4083838673676397e-07,78098.62831413798,78060.5879401466
1048576,scaled_r,3,30,3.0,1.0898680845576725,0.26659205547206577,0.09186948432104261,0.09184243874965876,60,61,32768,674730.8396565223,674730.4932532184,0.3464033039309484,0.00026774219487786,64604.770028488216,0.49347369031782656,-5.133950627616697e-05,1.3384606468268553e-08,-5.1365740104844774e-05,-5.1313272447489165e-05,-3.303559340772137e-07,96332.13639142158,96303.77705436219
1048576,fixed_alpha,1.01,31,0.33382262621551356,1.01,0.24698280240676612,0.0011942818428382553,8.89030870783047e-10,62,63,32768,696928.4994393113,949720.4876534807,-252791.98821416943,20286158012.302753,20302731748.290913,-20294413843.944736,26.617514468783813,0.06078655262762246,26.498372825633673,26.736656111933954,0.24108122655312483,1252.2952776359664,0.0009322164343622043
1048576,fixed_alpha,1.03,32,1.0014678786465405,1.03,0.2518856047263533,0.002609824215494174,0.000913411442080404,64,65,32768,692181.910931635,692253.1222197104,-71.21128807542866,2693.643249147717,65693.34389286292,-4007.382648649987,0.01028688579216365,4.141081034663088e-05,0.010205720603884253,0.010368050980443046,6.791237647574296e-05,2736.599036586019,957.7813162909017
1048576,fixed_alpha,1.05,33,1.6691131310775678,1.05,0.2567933324266264,0.014847354160139726,0.014554447210140093,66,67,32768,687206.4290101135,687206.0639541888,0.3650559246643432,0.19021757501399275,60933.93104581772,3.836972842100521,-5.3121755440254516e-05,3.505974360551985e-07,-5.3808926414922705e-05,-5.243458446558633e-05,-3.48144459404319e-07,15568.579235822674,15261.444037819858
1048576,fixed_alpha,1.075,34,2.503669696616348,1.075,0.262935280264487,0.05814616747081421,0.05809528966685378,68,69,32768,679798.0305427364,679797.6595608591,0.3709818773148754,0.001444042190033922,63116.42575379216,0.8682453248737804,-5.457239696213799e-05,3.087063682014084e-08,-5.463290341030547e-05,-5.4511890513970514e-05,-3.537958882473711e-07,60970.675701876484,60917.32645771087
1048576,fixed_alpha,1.1,35,3.3382262621551355,1.1,0.2690857575821216,0.11608324735247251,0.11606393119265018,70,71,32768,671067.747489514,671067.4123557656,0.33513374834796394,0.00011128636625306861,65637.54738869869,0.3712111355763208,-4.994039975380196e-05,8.670362225585555e-09,-4.9957393663764106e-05,-4.9923405843839813e-05,-3.1960844836040873e-07,121722.10717586621,121701.85271426436
1048576,fixed_alpha,1.2,36,6.676452524310263,1.2,0.2937821497998332,0.3276835625154793,0.32768,72,73,32768,632645.7335566595,632645.4183751781,0.3151814814636502,1.8674676609583078e-06,75482.42686173548,0.1260539991578188,-4.981961021279979e-05,1.1586316823198754e-09,-4.982188113089714e-05,-4.981733929470244e-05,-3.005804838787558e-07,343601.11924823123,343597.38368
