N,family,case,case_index,r,alpha,H,delta_finite,delta_stationary_scale,finite_column,stationary_column
256,scaled_r,0,0,0.0,1.0,0.24453317379349931,0.06181286953801309,0.0,0,1
256,scaled_r,0.1,1,0.1,1.0074890070464726,0.24636759338545672,0.06543145923423115,8.421380285913666e-13,2,3
256,scaled_r,0.2,2,0.2,1.0149780140929454,0.2482026659548653,0.06945019197079444,8.830261376304842e-07,4,5
256,scaled_r,0.3,3,0.3,1.022467021139418,0.2500384040382092,0.07392918896083317,8.970787217971446e-05,6,7
256,scaled_r,0.4,4,0.4,1.0299560281858908,0.25187482015540885,0.07893629708904518,0.0009041786040721102,8,9
256,scaled_r,0.5,5,0.5,1.0374450352323634,0.2537119268101278,0.08454617018814417,0.003616634004474932,10,11
256,scaled_r,0.6,6,0.6,1.0449340422788362,0.25554973649006174,0.09083787766805368,0.009113143847335456,12,13
256,scaled_r,0.7,7,0.7,1.0524230493253088,0.2573882616672324,0.097890442494073,0.017634119869638545,14,15
256,scaled_r,0.8,8,0.8,1.0599120563717817,0.2592275147982836,0.10577588718584398,0.028931139262048385,16,17
256,scaled_r,0.85,9,0.85,1.0636565598950178,0.26014741823508214,0.11004927743012224,0.03547308241307055,18,19
256,scaled_r,0.9,10,0.9,1.0674010634182542,0.2610675083247692,0.11454993666016457,0.04252014496721873,20,21
256,scaled_r,0.95,11,0.95,1.0711455669414907,0.2619877866202304,0.1192805565476132,0.05000417473370992,22,23
256,scaled_r,0.975,12,0.975,1.0730178187031088,0.26244799683015346,0.12173232333909673,0.05388944428707976,24,25
256,scaled_r,1,13,1.0,1.074890070464727,0.26290825467344187,0.12424153915153525,0.05785969666311366,26,27
256,scaled_r,1.025,14,1.025,1.0767623222263452,0.2633685603439504,0.12680786065553307,0.06190739191103254,28,29
256,scaled_r,1.05,15,1.05,1.0786345739879633,0.2638289140354807,0.12943077888486337,0.06602529492941954,30,31
256,scaled_r,1.1,16,1.1,1.0823790775111997,0.26474976625653823,0.13484353340218763,0.07444437784208927,32,33
256,scaled_r,1.15,17,1.15,1.086123581034436,0.26567081288592076,0.14047240049501633,0.08306550825555747,34,35
256,scaled_r,1.2,18,1.2,1.0898680845576725,0.26659205547206577,0.1463074090912741,0.09184243874965876,36,37
256,scaled_r,1.3,19,1.3,1.097357091604145,0.2684351347040889,0.15854443509583477,0.10970359759013118,38,39
256,scaled_r,1.4,20,1.4,1.1048460986506177,0.27027901632300344,0.1714334279584003,0.1277531405860932,40,41
256,scaled_r,1.45,21,1.45,1.108590602173854,0.27120126188962834,0.17807866865152733,0.13678070835419995,42,43
256,scaled_r,1.5,22,1.5,1.1123351056970905,0.2721237126858257,0.18483310712640644,0.1457809920546696,44,45
256,scaled_r,1.55,23,1.55,1.116079609220327,0.27304637025417894,0.19167818069252435,0.15473590043505622,46,47
256,scaled_r,1.6,24,1.6,1.119824112743563,0.2739692361364638,0.19859568492308272,0.1636299617826748,48,49
256,scaled_r,1.75,25,1.75,1.1310576233132723,0.27673909907287897,0.2196117566786904,0.18982553605636548,50,51
256,scaled_r,2,26,2.0,1.149780140929454,0.28135984725216273,0.2546507460482719,0.23138691614287415,52,53
256,scaled_r,2.25,27,2.25,1.1685026585456357,0.28598614927777416,0.28858257693362355,0.26990435863611717,54,55
256,scaled_r,2.5,28,2.5,1.1872251761618173,0.29061819675587,0.3206750042922001,0.3052824507349559,56,57
256,scaled_r,2.75,29,2.75,1.2059476937779992,0.2952561808707235,0.35062484608673683,0.3376474473318268,58,59
256,scaled_r,3,30,3.0,1.224670211394181,0.2999002924104355,0.37837611392767917,0.3672208717677807,60,61
256,fixed_alpha,1.01,31,0.13352905048620542,1.01,0.24698280240676612,0.06673149238437122,8.89030870783047e-10,62,63
256,fixed_alpha,1.03,32,0.40058715145861623,1.03,0.2518856047263533,0.07896740049301096,0.000913411442080404,64,65
256,fixed_alpha,1.05,33,0.6676452524310271,1.05,0.2567933324266264,0.09552070227043526,0.014554447210140093,66,67
256,fixed_alpha,1.075,34,1.001467878646539,1.075,0.262935280264487,0.12439064721820602,0.05809528966685378,68,69
256,fixed_alpha,1.1,35,1.3352905048620543,1.1,0.2690857575821216,0.163025569495524,0.11606393119265018,70,71
256,fixed_alpha,1.2,36,2.670581009724105,1.2,0.2937821497998332,0.3413495506239955,0.32768,72,73
1024,scaled_r,0,0,0.0,1.0,0.24453317379349931,0.030906434769006546,0.0,0,1
1024,scaled_r,0.1,1,0.1,1.0059912056371783,0.24600065763033135,0.0327231029523948,8.224040654324407e-16,2,3
1024,scaled_r,0.2,2,0.2,1.0119824112743563,0.2474685577670992,0.03476343147847307,2.759481170376519e-08,4,5
1024,scaled_r,0.3,3,0.3,1.0179736169115345,0.24893688062504815,0.03706966390605141,8.900266732765008e-06,6,7
1024,scaled_r,0.4,4,0.4,1.0239648225487126,0.25040563261859133,0.03969347641224605,0.00015984054666064068,8,9
1024,scaled_r,0.5,5,0.5,1.0299560281858908,0.25187482015540885,0.04269774081155217,0.0009041786040721102,10,11
1024,scaled_r,0.6,6,0.6,1.0359472338230689,0.2533444496365457,0.046158041162309094,0.0028705370800415518,12,13
1024,scaled_r,0.7,7,0.7,1.0419384394602471,0.254814527456505,0.05016329494324971,0.006551254556308476,14,15
1024,scaled_r,0.8,8,0.8,1.0479296450974254,0.25628506000334694,0.05481438121007997,0.012164479277736132,16,17
1024,scaled_r,0.85,9,0.85,1.0509252479160143,0.25702049879388067,0.057415802102758505,0.015695040720471454,18,19
1024,scaled_r,0.9,10,0.9,1.0539208507346034,0.2577560536587866,0.060219250531991196,0.019684953469427075,20,21
1024,scaled_r,0.95,11,0.95,1.0569164535531925,0.25849172539480353,0.06323769856952872,0.024107434092187414,22,23
1024,scaled_r,0.975,12,0.975,1.058414254962487,0.25885960533835395,0.06483131529188152,0.02647121545542906,24,25
1024,scaled_r,1,13,1.0,1.0599120563717817,0.2592275147982836,0.06648301512375022,0.028931139262048385,26,27
1024,scaled_r,1.025,14,1.025,1.0614098577810762,0.2595954538740778,0.06819401344242551,0.03148288872179824,28,29
1024,scaled_r,1.05,15,1.05,1.0629076591903708,0.25996342266519923,0.06996538245451434,0.03412207796045887,30,31
1024,scaled_r,1.1,16,1.1,1.0659032620089597,0.2606994497911429,0.07369269683200372,0.03964510788384396,32,33
1024,scaled_r,1.15,17,1.15,1.0688988648275488,0.2614355969713306,0.07767000835655688,0.045465065616917426,34,35
1024,scaled_r,1.2,18,1.2,1.071894467646138,0.26217186500060524,0.08189906209489088,0.051547589900377964,36,37
1024,scaled_r,1.3,19,1.3,1.077885673283316,0.2636447667839462,0.0911012613291095,0.06437015873781833,38,39
1024,scaled_r,1.4,20,1.4,1.0838768789204942,0.26511816149255957,0.10124098682146318,0.0778712894257309,40,41
1024,scaled_r,1.45,21,1.45,1.0868724817390834,0.2658550456770733,0.10662996129807766,0.08480982021426625,42,43
1024,scaled_r,1.5,22,1.5,1.0898680845576725,0.26659205547206577,0.11220939608364854,0.09184243874965876,44,45
1024,scaled_r,1.55,23,1.55,1.0928636873762614,0.2673291916698509,0.11796057742498382,0.09894830034605684,46,47
1024,scaled_r,1.6,24,1.6,1.0958592901948505,0.2680664550623911,0.12386396403042972,0.10610851039857547,48,49
1024,scaled_r,1.75,25,1.75,1.1048460986506177,0.27027901632300344,0.1422911498389799,0.1277531405860932,50,51
1024,scaled_r,2,26,2.0,1.119824112743563,0.2739692361364638,0.174327468291486,0.1636299617826748,52,53
1024,scaled_r,2.25,27,2.25,1.1348021268365085,0.27766281361296263,0.20653970582463538,0.19836396148936322,54,55
1024,scaled_r,2.5,28,2.5,1.149780140929454,0.28135984725216273,0.23786021339527413,0.23138691614287415,56,57
1024,scaled_r,2.75,29,2.75,1.1647581550223993,0.2850604353616112,0.26773542233252157,0.2624532557381982,58,59
1024,scaled_r,3,30,3.0,1.1797361691153447,0.28876467606539113,0.2959222282833129,0.2915029671159804,60,61
1024,fixed_alpha,1.01,31,0.16691131310775678,1.01,0.24698280240676612,0.034061128956368085,8.89030870783047e-10,62,63
1024,fixed_alpha,1.03,32,0.5007339393232703,1.03,0.2518856047263533,0.042721375427395826,0.000913411442080404,64,65
1024,fixed_alpha,1.05,33,0.8345565655387839,1.05,0.2567933324266264,0.05659136533091899,0.014554447210140093,66,67
1024,fixed_alpha,1.075,34,1.251834848308174,1.075,0.262935280264487,0.08654705549169278,0.05809528966685378,68,69
1024,fixed_alpha,1.1,35,1.6691131310775678,1.1,0.2690857575821216,0.13223790311618253,0.11606393119265018,70,71
1024,fixed_alpha,1.2,36,3.3382262621551315,1.2,0.2937821497998332,0.3312651312898502,0.32768,72,73
4096,scaled_r,0,0,0.0,1.0,0.24453317379349931,0.015453217384503273,0.0,0,1
4096,scaled_r,0.1,1,0.1,1.0049926713643151,0.24575604825465558,0.016364030673384846,8.031313441275283e-19,2,3
4096,scaled_r,0.2,2,0.2,1.0099853427286303,0.2469792110694463,0.01739474881260936,8.62342966615112e-10,4,5
4096,scaled_r,0.3,3,0.3,1.0149780140929454,0.2482026659548653,0.01857106860847246,8.830261376304842e-07,6,7
4096,scaled_r,0.4,4,0.4,1.0199706854572606,0.24942641662459625,0.01992589575479687,2.8256418270205118e-05,8,9
4096,scaled_r,0.5,5,0.5,1.0249633568215757,0.25065046678905045,0.02150159645359355,0.0002260479994236511,10,11
4096,scaled_r,0.6,6,0.6,1.0299560281858908,0.25187482015540885,0.023352811850954135,0.0009041786040721102,12,13
4096,scaled_r,0.7,7,0.7,1.034948699550206,0.2530994804276602,0.025549697669700756,0.0024338322438602557,14,15
4096,scaled_r,0.8,8,0.8,1.039941370914521,0.25432445130663806,0.028181016359987213,0.005114654933874076,16,17
4096,scaled_r,0.85,9,0.85,1.0424377065966786,0.25493705437930647,0.02969285948162911,0.006944171990831355,18,19
4096,scaled_r,0.9,10,0.9,1.0449340422788362,0.25554973649006174,0.03135565596268909,0.009113143847335456,20,21
4096,scaled_r,0.95,11,0.95,1.0474303779609937,0.25616249810063524,0.033185722513461066,0.011622232592169015,22,23
4096,scaled_r,0.975,12,0.975,1.0486785458020726,0.25646890886259427,0.034168733971929745,0.013002825903375627,24,25
4096,scaled_r,1,13,1.0,1.0499267136431514,0.25677533967257327,0.03519988188055764,0.014465999404218511,26,27
4096,scaled_r,1.025,14,1.025,1.05117488148423,0.25708179058823444,0.03628125323726288,0.016010319578222142,28,29
4096,scaled_r,1.05,15,1.05,1.0524230493253088,0.2573882616672324,0.03741488456688534,0.017634119869638545,30,31
4096,scaled_r,1.1,16,1.1,1.0549193850074665,0.2580012645457793,0.039846655628863296,0.02111252479482409,32,33
4096,scaled_r,1.15,17,1.15,1.057415720689624,0.258614348769197,0.04250940546612591,0.024884416365041694,34,35
4096,scaled_r,1.2,18,1.2,1.0599120563717817,0.2592275147982836,0.04541468612634628,0.028931139262048385,36,37
4096,scaled_r,1.3,19,1.3,1.0649047277360968,0.26045409411572984,0.05198067621603289,0.03776937924036913,38,39
4096,scaled_r,1.4,20,1.4,1.069897399100412,0.2616810061808378,0.05955626235558093,0.04746506121070713,40,41
4096,scaled_r,1.45,21,1.45,1.0723937347825694,0.2622945881438254,0.0637067204931428,0.05258453110415812,42,43
4096,scaled_r,1.5,22,1.5,1.074890070464727,0.26290825467344187,0.06808262503074984,0.05785969666311366,44,45
4096,scaled_r,1.55,23,1.55,1.0773864061468845,0.2635220062292227,0.0726681277749316,0.06327257362208592,46,47
4096,scaled_r,1.6,24,1.6,1.0798827418290422,0.2641358432705267,0.07744555066255594,0.06880613846441251,48,49
4096,scaled_r,1.75,25,1.75,1.0873717488755148,0.26597787189855426,0.09274167756922275,0.08597597722239422,50,51
4096,scaled_r,2,26,2.0,1.0998534272863028,0.2690496721457989,0.12038366910895733,0.11571076989121792,52,53
4096,scaled_r,2.25,27,2.25,1.1123351056970905,0.2721237126858257,0.14918005323516817,0.1457809920546696,54,55
4096,scaled_r,2.5,28,2.5,1.1248167841078782,0.2752000506867307,0.17796082128593443,0.17537162739594836,56,57
4096,scaled_r,2.75,29,2.75,1.1372984625186662,0.27827874321762297,0.20604482762066287,0.2039963271321685,58,59
4096,scaled_r,3,30,3.0,1.149780140929454,0.28135984725216273,0.2330580182924179,0.23138691614287415,60,61
4096,fixed_alpha,1.01,31,0.20029357572930812,1.01,0.24698280240676612,0.01739797495761828,8.89030870783047e-10,62,63
4096,fixed_alpha,1.03,32,0.6008807271879243,1.03,0.2518856047263533,0.023370535735528854,0.000913411442080404,64,65
4096,fixed_alpha,1.05,33,1.0014678786465405,1.05,0.2567933324266264,0.03526196674035342,0.014554447210140093,66,67
4096,fixed_alpha,1.075,34,1.5022018179698085,1.075,0.262935280264487,0.06828026635444027,0.05809528966685378,68,69
4096,fixed_alpha,1.1,35,2.002935757293081,1.1,0.2690857575821216,0.1207180181826701,0.11606393119265018,70,71
4096,fixed_alpha,1.2,36,4.005871514586158,1.2,0.2937821497998332,0.3285879911366657,0.32768,72,73
16384,scaled_r,0,0,0.0,1.0,0.24453317379349931,0.0077266086922516365,0.0,0,1
16384,scaled_r,0.1,1,0.1,1.0042794325979845,0.24558133433549273,0.008182906069037398,7.843096090652686e-22,2,3
16384,scaled_r,0.2,2,0.2,1.0085588651959687,0.246629706338868,0.008702093116844008,2.6948331546048125e-11,4,5
16384,scaled_r,0.3,3,0.3,1.0128382977939532,0.24767829214480783,0.00929878771394309,8.760784413054747e-08,6,7
16384,scaled_r,0.4,4,0.4,1.0171177303919376,0.2487270940926955,0.009992287608170182,4.995118485142303e-06,8,9
16384,scaled_r,0.5,5,0.5,1.021397162989922,0.24977611452014326,0.010808402318321374,5.6512597530214385e-05,10,11
16384,scaled_r,0.6,6,0.6,1.0256765955879064,0.2508253557630095,0.011782047734865844,0.0002848020302139094,12,13
16384,scaled_r,0.7,7,0.7,1.0299560281858908,0.25187482015540885,0.012960830438400685,0.0009041786040721102,14,15
16384,scaled_r,0.8,8,0.8,1.0342354607838753,0.25292451002974115,0.01440970599368236,0.002150483940969057,16,17
16384,scaled_r,0.85,9,0.85,1.0363751770828673,0.2534494402510387,0.015261773303317922,0.003072383003981226,18,19
16384,scaled_r,0.9,10,0.9,1.0385148933818595,0.2539744277166977,0.016216218772198924,0.0042188951856235715,20,21
16384,scaled_r,0.95,11,0.95,1.0406546096808518,0.25449947271779205,0.01728816093007203,0.005603051684551967,22,23
16384,scaled_r,0.975,12,0.975,1.0417244678303479,0.25476201688505923,0.017873366163805218,0.006387016102960424,24,25
16384,scaled_r,1,13,1.0,1.042794325979844,0.25502457554529057,0.01849433207302218,0.007233153061271782,26,27
16384,scaled_r,1.025,14,1.025,1.0438641841293401,0.2552871487348424,0.01915334952801982,0.008141822679437237,28,29
16384,scaled_r,1.05,15,1.05,1.0449340422788362,0.25554973649006174,0.019852755289847073,0.009113143847335456,30,31
16384,scaled_r,1.1,16,1.1,1.0470737585778285,0.2560749558428659,0.02138214885737212,0.011243115546373018,32,33
16384,scaled_r,1.15,17,1.15,1.0492134748768205,0.25660023389436326,0.02310102872097394,0.0136198662467327,34,35
16384,scaled_r,1.2,18,1.2,1.0513531911758127,0.2571255709351139,0.02502654640029434,0.01623746643671169,36,37
16384,scaled_r,1.3,19,1.3,1.0556326237737972,0.2581764231461045,0.029551572616048648,0.022161048265528775,38,39
16384,scaled_r,1.4,20,1.4,1.0599120563717817,0.2592275147982836,0.03502170970411814,0.028931139262048385,40,41
16384,scaled_r,1.45,21,1.45,1.0620517726707739,0.25975315114014874,0.03810983393352112,0.03260352014395063,42,43
16384,scaled_r,1.5,22,1.5,1.064191488969766,0.260278848212509,0.04142328617157925,0.036450486896562814,44,45
16384,scaled_r,1.55,23,1.55,1.0663312052687581,0.2608046063052244,0.04495011557284565,0.04045916444001054,46,47
16384,scaled_r,1.6,24,1.6,1.0684709215677504,0.2613304257080572,0.0486760765599531,0.0446167788770459,48,49
16384,scaled_r,1.75,25,1.75,1.074890070464727,0.26290825467344187,0.0608909796013754,0.05785969666311366,50,51
16384,scaled_r,2,26,2.0,1.085588651959688,0.2655392228347616,0.08378757179054969,0.08182335630804138,52,53
16384,scaled_r,2.25,27,2.25,1.096287233454649,0.26817178883359116,0.1084970885651705,0.10713481760801076,54,55
16384,scaled_r,2.5,28,2.5,1.10698581494961,0.2708059887494699,0.1339143650525928,0.13291393626545644,56,57
16384,scaled_r,2.75,29,2.75,1.117684396444571,0.2734418586060291,0.15932477026876965,0.15855590852319104,58,59
16384,scaled_r,3,30,3.0,1.128382977939532,0.276079434372648,0.1842762198317082,0.18366371141865906,60,61
16384,fixed_alpha,1.01,31,0.23367583835085945,1.01,0.24698280240676612,0.008893530802926609,8.89030870783047e-10,62,63
16384,fixed_alpha,1.03,32,0.7010275150525783,1.03,0.2518856047263533,0.012974215602388924,0.000913411442080404,64,65
16384,fixed_alpha,1.05,33,1.1683791917542972,1.05,0.2567933324266264,0.02378396108623105,0.014554447210140093,66,67
16384,fixed_alpha,1.075,34,1.7525687876314433,1.075,0.262935280264487,0.06111201623231168,0.05809528966685378,68,69
16384,fixed_alpha,1.1,35,2.3367583835085943,1.1,0.2690857575821216,0.117280662205437,0.11606393119265018,70,71
16384,fixed_alpha,1.2,36,4.673516767017183,1.2,0.2937821497998332,0.3279077516329495,0.32768,72,73
65536,scaled_r,0,0,0.0,1.0,0.24453317379349931,0.0038633043461258182,0.0,0,1
65536,scaled_r,0.1,1,0.1,1.0037445035232364,0.24545030275148105,0.0040917885211918005,7.659285652827213e-25,2,3
65536,scaled_r,0.2,2,0.2,1.0074890070464726,0.24636759338545672,0.004352833921841217,8.421380285913666e-13,4,5
65536,scaled_r,0.3,3,0.3,1.011233510569709,0.24728504726405787,0.004654452087862699,8.691840314653443e-09,6,7
65536,scaled_r,0.4,4,0.4,1.0149780140929454,0.2482026659548653,0.005007454935985451,8.830261376304842e-07,8,9
65536,scaled_r,0.5,5,0.5,1.0187225176161818,0.249120451024415,0.005426710345699664,1.4128261411608905e-05,10,11
65536,scaled_r,0.6,6,0.6,1.022467021139418,0.2500384040382092,0.00593305642074265,8.970787217971446e-05,12,13
65536,scaled_r,0.7,7,0.7,1.0262115246626544,0.25095652656072054,0.006556221856887129,0.0003359047925188677,14,15
65536,scaled_r,0.8,8,0.8,1.0299560281858908,0.25187482015540885,0.00733919457843553,0.0009041786040721102,16,17
65536,scaled_r,0.85,9,0.85,1.031828279947509,0.2523340315931258,0.007809145110138579,0.0013593405760261093,18,19
65536,scaled_r,0.9,10,0.9,1.0337005317091272,0.25279328638472776,0.00834435618199609,0.0019531121057203096,20,21
65536,scaled_r,0.95,11,0.95,1.0355727834707453,0.2532525847253656,0.008956862367229179,0.002701204746298111,22,23
65536,scaled_r,0.975,12,0.975,1.0365089093515545,0.2534822502875408,0.009296420846042106,0.003137299830439569,24,25
65536,scaled_r,1,13,1.0,1.0374450352323634,0.2537119268101278,0.009660746329352798,0.003616634004474932,26,27
65536,scaled_r,1.025,14,1.025,1.0383811611131726,0.25394161431750517,0.010051916618017638,0.004140386786655845,28,29
65536,scaled_r,1.05,15,1.05,1.0393172869939817,0.2541713128340439,0.010472121122909846,0.004709558975914418,30,31
65536,scaled_r,1.1,16,1.1,1.0411895387555998,0.25463074299207766,0.011408836101046932,0.005987294720210239,32,33
65536,scaled_r,1.15,17,1.15,1.043061790517218,0.25509021747913513,0.012489795646425066,0.007454449394565916,34,35
65536,scaled_r,1.2,18,1.2,1.0449340422788362,0.25554973649006174,0.013733838797518992,0.009113143847335456,36,37
65536,scaled_r,1.3,19,1.3,1.0486785458020726,0.25646890886259427,0.016777232816862313,0.013002825903375627,38,39
65536,scaled_r,1.4,20,1.4,1.0524230493253088,0.2573882616672324,0.02063268189772189,0.017634119869638545,40,41
65536,scaled_r,1.45,21,1.45,1.0542953010869272,0.25784800621806514,0.022873369369928998,0.02021471510724139,42,43
65536,scaled_r,1.5,22,1.5,1.0561675528485452,0.25830779646057506,0.025317799253772037,0.022962916362841212,44,45
65536,scaled_r,1.55,23,1.55,1.0580398046101633,0.2587676325891917,0.027957915846549455,0.025871090249538282,46,47
65536,scaled_r,1.6,24,1.6,1.0599120563717817,0.2592275147982836,0.030783465133986963,0.028931139262048385,48,49
65536,scaled_r,1.75,25,1.75,1.0655288116566362,0.2606074398512379,0.040255486455182246,0.038937774662177196,50,51
65536,scaled_r,2,26,2.0,1.074890070464727,0.26290825467344187,0.05866215378232043,0.05785969666311366,52,53
65536,scaled_r,2.25,27,2.25,1.0842513292728178,0.2652102651733915,0.0792645982909428,0.078732698098824,54,55
65536,scaled_r,2.5,28,2.5,1.0936125880809087,0.2675134955625488,0.10111126773616537,0.10073395445358237,56,57
65536,scaled_r,2.75,29,2.75,1.1029738468889996,0.2698179700185032,0.12351765378547935,0.12323557476884398,58,59
65536,scaled_r,3,30,3.0,1.1123351056970905,0.2721237126858257,0.14600067123736082,0.1457809920546696,60,61
65536,fixed_alpha,1.01,31,0.26705810097241084,1.01,0.24698280240676612,0.004550015764584023,8.89030870783047e-10,62,63
65536,fixed_alpha,1.03,32,0.8011743029172325,1.03,0.2518856047263533,0.007349563494535978,0.000913411442080404,64,65
65536,fixed_alpha,1.05,33,1.3352905048620543,1.05,0.2567933324266264,0.018042528293346495,0.014554447210140093,66,67
65536,fixed_alpha,1.075,34,2.002935757293078,1.075,0.262935280264487,0.05889351249761604,0.05809528966685378,68,69
65536,fixed_alpha,1.1,35,2.6705810097241085,1.1,0.2690857575821216,0.11637180281959969,0.11606393119265018,70,71
65536,fixed_alpha,1.2,36,5.34116201944821,1.2,0.2937821497998332,0.32773698538231294,0.32768,72,73
262144,scaled_r,0,0,0.0,1.0,0.24453317379349931,0.0019316521730629091,0.0,0,1
262144,scaled_r,0.1,1,0.1,1.00332844757621,0.24534839157862778,0.002046025163386199,7.479780355789483e-28,2,3
262144,scaled_r,0.2,2,0.2,1.0066568951524202,0.24616373697000232,0.002177117410118827,2.6316878229159895e-14,4,5
262144,scaled_r,0.3,3,0.3,1.0099853427286303,0.2469792110694463,0.0023292199459433996,8.62342966615112e-10,6,7
262144,scaled_r,0.4,4,0.4,1.0133137903048404,0.2477948149781259,0.0025082215739694776,1.5609921217724305e-07,8,9
262144,scaled_r,0.5,5,0.5,1.0166422378810505,0.2486105497965551,0.0027223950488302123,3.5320871311645468e-06,10,11
262144,scaled_r,0.6,6,0.6,1.0199706854572606,0.24942641662459625,0.002983658846033783,2.8256418270205118e-05,12,13
262144,scaled_r,0.7,7,0.7,1.0232991330334706,0.2502424165614705,0.003309637517226934,0.00012478922882727022,14,15
262144,scaled_r,0.8,8,0.8,1.0266275806096807,0.25105855070575794,0.0037270429278150425,0.0003801640279847958,16,17
262144,scaled_r,0.85,9,0.85,1.0282918043977858,0.2514666684488164,0.003982143668110215,0.0006014228199904167,18,19
262144,scaled_r,0.9,10,0.9,1.0299560281858908,0.25187482015540885,0.004277093183574966,0.0009041786040721102,20,21
262144,scaled_r,0.95,11,0.95,1.0316202519739959,0.25228300596268305,0.004620617573306038,0.0013022336716556693,22,23
262144,scaled_r,0.975,12,0.975,1.0324523638680483,0.25248711169692195,0.004813859227061899,0.0015410351444718688,24,25
262144,scaled_r,1,13,1.0,1.033284475762101,0.25269122600774463,0.005023432009529964,0.0018083393425636016,26,27
262144,scaled_r,1.025,14,1.025,1.0341165876561533,0.25289534891228016,0.005251021623498361,0.0021055163260117965,28,29
262144,scaled_r,1.05,15,1.05,1.034948699550206,0.2530994804276602,0.00549845448920014,0.0024338322438602557,30,31
262144,scaled_r,1.1,16,1.1,1.036612923338311,0.25350776935946095,0.006060806293776418,0.0031884007901900662,32,33
262144,scaled_r,1.15,17,1.15,1.038277147126416,0.2539160929401354,0.0067274280930476864,0.004079965875551013,34,35
262144,scaled_r,1.2,18,1.2,1.039941370914521,0.25432445130663806,0.007516161605487872,0.005114654933874076,36,37
262144,scaled_r,1.3,19,1.3,1.0432698184907312,0.25514127294474276,0.00952680359018833,0.007629273694745543,38,39
262144,scaled_r,1.4,20,1.4,1.0465982660669413,0.25595823536863715,0.012195001206890758,0.010748302619935113,40,41
262144,scaled_r,1.45,21,1.45,1.0482624898550463,0.25636676971723105,0.01378917878016077,0.012533389140088764,42,43
262144,scaled_r,1.5,22,1.5,1.0499267136431514,0.25677533967257327,0.015555561943115791,0.014465999404218511,44,45
262144,scaled_r,1.55,23,1.55,1.0515909374312564,0.2571839453713501,0.017489565784564273,0.016542843585848396,46,47
262144,scaled_r,1.6,24,1.6,1.0532551612193615,0.2575925869502138,0.019584851240362616,0.01875989450447901,48,49
262144,scaled_r,1.75,25,1.75,1.0582478325836766,0.2588187283332911,0.026763175407912423,0.026203747269656845,50,51
262144,scaled_r,2,26,2.0,1.0665689515242018,0.26086302765035835,0.04123502111111243,0.04091399845649203,52,53
262144,scaled_r,2.25,27,2.25,1.074890070464727,0.26290825467344187,0.05806349830134008,0.05785969666311366,54,55
262144,scaled_r,2.5,28,2.5,1.0832111894052523,0.2649544264300392,0.07648427617432947,0.07634443259451983,56,57
262144,scaled_r,2.75,29,2.75,1.0915323083457773,0.2670015599259587,0.09588414492704876,0.09578235063893673,58,59
262144,scaled_r,3,30,3.0,1.0998534272863028,0.2690496721457989,0.1157883189466303,0.11571076989121792,60,61
262144,fixed_alpha,1.01,31,0.30044036359396215,1.01,0.24698280240676612,0.0023299441819036484,8.89030870783047e-10,62,63
262144,fixed_alpha,1.03,32,0.9013210907818865,1.03,0.2518856047263533,0.004285502368626339,0.000913411442080404,64,65
262144,fixed_alpha,1.05,33,1.5022018179698107,1.05,0.2567933324266264,0.01563724172131467,0.014554447210140093,66,67
262144,fixed_alpha,1.075,34,2.253302726954713,1.075,0.262935280264487,0.05829798670047974,0.05809528966685378,68,69
262144,fixed_alpha,1.1,35,3.0044036359396213,1.1,0.2690857575821216,0.11614113614878291,0.11606393119265018,70,71
262144,fixed_alpha,1.2,36,6.0088072718792365,1.2,0.2937821497998332,0.32769424931836477,0.32768,72,73
1048576,scaled_r,0,0,0.0,1.0,0.24453317379349931,0.0009658260865314546,0.0,0,1
1048576,scaled_r,0.1,1,0.1,1.0029956028185891,0.2452668640760205,0.0010230650806955306,7.304480199108858e-31,2,3
1048576,scaled_r,0.2,2,0.2,1.0059912056371783,0.24600065763033135,0.0010888405928796625,8.224040654324407e-16,4,5
1048576,scaled_r,0.3,3,0.3,1.0089868084557672,0.24673455525973387,0.0011654161499598467,8.555551127016218e-11,6,7
1048576,scaled_r,0.4,4,0.4,1.0119824112743563,0.2474685577670992,0.0012559394478531966,2.759481170376519e-08,8,9
1048576,scaled_r,0.5,5,0.5,1.0149780140929454,0.2482026659548653,0.0013649082422963236,8.830261376304842e-07,10,11
1048576,scaled_r,0.6,6,0.6,1.0179736169115345,0.24893688062504815,0.0014989476270424636,8.900266732765008e-06,12,13
1048576,scaled_r,0.7,7,0.7,1.0209692197301234,0.24967120257923364,0.0016681460301468788,4.635934063734739e-05,14,15
1048576,scaled_r,0.8,8,0.8,1.0239648225487126,0.25040563261859133,0.0018884052570225323,0.00015984054666064068,16,17
1048576,scaled_r,0.85,9,0.85,1.0254626239580071,0.2507728884204602,0.002025208272592715,0.0002660912611181755,18,19
1048576,scaled_r,0.9,10,0.9,1.0269604253673017,0.251140171543871,0.0021855889329032143,0.00041858177306641395,20,21
1048576,scaled_r,0.95,11,0.95,1.0284582267765963,0.25150748208885343,0.002375483634255858,0.0006277971161831492,22,23
1048576,scaled_r,0.975,12,0.975,1.0292071274812435,0.2516911476756847,0.0024838026888404914,0.0007569514282303141,24,25
1048576,scaled_r,1,13,1.0,1.0299560281858908,0.25187482015540885,0.0026025054571983857,0.0009041786040721102,26,27
1048576,scaled_r,1.025,14,1.025,1.030704928890538,0.25205849954052195,0.0027328611407511035,0.0010707182640897735,28,29
1048576,scaled_r,1.05,15,1.05,1.0314538295951854,0.25224218584351743,0.0028762803581239968,0.0012577661785494632,30,31
1048576,scaled_r,1.1,16,1.1,1.03295163100448,0.25260957925312955,0.003208657810998522,0.0016979073834040715,32,33
1048576,scaled_r,1.15,17,1.15,1.0344494324137745,0.25297700048417116,0.003613599676466539,0.0022330387203520767,34,35
1048576,scaled_r,1.2,18,1.2,1.0359472338230689,0.2533444496365457,0.004106519260944897,0.0028705370800415518,36,37
1048576,scaled_r,1.3,19,1.3,1.038942836641658,0.25407943210476924,0.005416912826613232,0.00447638305717236,38,39
1048576,scaled_r,1.4,20,1.4,1.0419384394602471,0.254814527456505,0.007236688199837466,0.006551254556308476,40,41
1048576,scaled_r,1.45,21,1.45,1.0434362408695417,0.25518211771317695,0.008352643445148222,0.007770838101428185,42,43
1048576,scaled_r,1.5,22,1.5,1.0449340422788362,0.25554973649006174,0.00960731308987409,0.009113143847335456,44,45
1048576,scaled_r,1.55,23,1.55,1.0464318436881308,0.25591738388688395,0.01099897089538294,0.01057800883456746,46,47
1048576,scaled_r,1.6,24,1.6,1.0479296450974254,0.25628506000334694,0.012524661454166844,0.012164479277736132,48,49
1048576,scaled_r,1.75,25,1.75,1.0524230493253088,0.2573882616672324,0.017867322606935486,0.017634119869638545,50,51
1048576,scaled_r,2,26,2.0,1.0599120563717817,0.2592275147982836,0.029057573933729926,0.028931139262048385,52,53
1048576,scaled_r,2.25,27,2.25,1.0674010634182542,0.2610675083247692,0.04259714722343213,0.04252014496721873,54,55
1048576,scaled_r,2.5,28,2.5,1.074890070464727,0.26290825467344187,0.05791085366996095,0.05785969666311366,56,57
1048576,scaled_r,2.75,29,2.75,1.0823790775111997,0.26474976625653823,0.07448065596975134,0.07444437784208927,58,59
1048576,scaled_r,3,30,3.0,1.0898680845576725,0.26659205547206577,0.09186948432104261,0.09184243874965876,60,61
1048576,fixed_alpha,1.01,31,0.33382262621551356,1.01,0.24698280240676612,0.0011942818428382553,8.89030870783047e-10,62,63
1048576,fixed_alpha,1.03,32,1.0014678786465405,1.03,0.2518856047263533,0.002609824215494174,0.000913411442080404,64,65
1048576,fixed_alpha,1.05,33,1.6691131310775678,1.05,0.2567933324266264,0.014847354160139726,0.014554447210140093,66,67
1048576,fixed_alpha,1.075,34,2.503669696616348,1.075,0.262935280264487,0.05814616747081421,0.05809528966685378,68,69
1048576,fixed_alpha,1.1,35,3.3382262621551355,1.1,0.2690857575821216,0.11608324735247251,0.11606393119265018,70,71
1048576,fixed_alpha,1.2,36,6.676452524310263,1.2,0.2937821497998332,0.3276835625154793,0.32768,72,73
