d,alpha,policy,gamma,uniform_regret,adversarial_regret
1,1.5,uniform,0.63803390033735297,0,0.040923512656411809
1,1.5,adversarial,0.80000000000000004,0.040237962808373107,2.2204460492503131e-16
1,1.5,balanced,0.71824229303489551,0.0099851445657381799,0.0099851444749772256
1,2,uniform,0.58113883008418976,0,0.026334038989723974
1,2,adversarial,0.66666666666666663,0.027046276694730143,2.2204460492503131e-16
1,2,balanced,0.6227766018055888,0.0065835097854520797,0.0065835097099040674
1,3,uniform,0.54748062755150428,0,0.015542110761010752
1,3,adversarial,0.58578643762690508,0.015800382369945298,0
1,3,balanced,0.56627472740555185,0.0038871850386383855,0.0038871850748578574
2,1.5,uniform,0.64247440559377178,0,0.038607185482915529
2,1.5,adversarial,0.80000000000000004,0.037835164656187414,2.2204460492503131e-16
2,1.5,balanced,0.72057692588439604,0.0094126754730370354,0.0094126755662331529
2,2,uniform,0.58113883008418976,0,0.026334038989723974
2,2,adversarial,0.66666666666666663,0.02704627669472992,2.2204460492503131e-16
2,2,balanced,0.6227766018055888,0.0065835097854520797,0.0065835097099040674
2,3,uniform,0.54599629278250317,0,0.016818934486794168
2,3,adversarial,0.58578643762690508,0.017178887345628668,0
2,3,balanced,0.56548810377411907,0.0042133596725995037,0.0042133597273625867
3,1.5,uniform,0.64506289891125701,0,0.037291277168084225
3,1.5,adversarial,0.80000000000000004,0.036464854936050894,2.2204460492503131e-16
3,1.5,balanced,0.72193872160868477,0.009086876593304094,0.0090868766603195983
3,2,uniform,0.58113883008418976,0,0.026334038989723974
3,2,adversarial,0.66666666666666663,0.027046276694730143,2.2204460492503131e-16
3,2,balanced,0.6227766018055888,0.0065835097854520797,0.0065835097099040674
3,3,uniform,0.54508664828266573,0,0.017628227690986709
3,3,adversarial,0.58578643762690508,0.01805564957695438,0
3,3,balanced,0.56500614047599595,0.0044199542563987393,0.0044199542802885183
4,1.5,uniform,0.64674357131580917,0,0.03645033283492638
4,1.5,adversarial,0.80000000000000004,0.03558180869279659,2.2204460492503131e-16
4,1.5,balanced,0.72282827020878404,0.0088772823219656072,0.0088772824101936987
4,2,uniform,0.58113883008418976,0,0.026334038989723974
4,2,adversarial,0.66666666666666663,0.027046276694730143,2.2204460492503131e-16
4,2,balanced,0.6227766018055888,0.0065835097854520797,0.0065835097099040674
4,3,uniform,0.54447923507424356,0,0.018180043367894694
4,3,adversarial,0.58578643762690508,0.018660478472761532,0
4,3,balanced,0.56468138371685916,0.0045620620638151532,0.0045620620490676167
5,1.5,uniform,0.64792567479339536,0,0.035865174742923278
5,1.5,adversarial,0.80000000000000004,0.034965470557603684,2.2204460492503131e-16
5,1.5,balanced,0.72345478390576545,0.0087311903211806374,0.0087311902842668321
5,2,uniform,0.58113883008418976,0,0.026334038989723974
5,2,adversarial,0.66666666666666663,0.027046276694730365,2.2204460492503131e-16
5,2,balanced,0.6227766018055888,0.0065835097854520797,0.0065835097099040674
5,3,uniform,0.54403838718770592,0,0.018586283783600388
5,3,adversarial,0.58578643762690508,0.019102590323011315,0
5,3,balanced,0.56444776144663322,0.0046657379106764818,0.0046657378723971021
6,1.5,uniform,0.64879782214147785,0,0.035436786900701733
6,1.5,adversarial,0.80000000000000004,0.034511096368956107,2.2204460492503131e-16
6,1.5,balanced,0.7239194829474993,0.0086236444794267619,0.0086236443872609314
6,2,uniform,0.58113883008418976,0,0.026334038989723974
6,2,adversarial,0.66666666666666663,0.027046276694730143,2.2204460492503131e-16
6,2,balanced,0.6227766018055888,0.0065835097854520797,0.0065835097099040674
6,3,uniform,0.54370820716952872,0,0.018893716491868551
6,3,adversarial,0.58578643762690508,0.01943959176865917,0
6,3,balanced,0.56427175236026117,0.0047446471467367246,0.004744647175775718
7,1.5,uniform,0.64947545544091345,0,0.035105894386691316
7,1.5,adversarial,0.80000000000000004,0.034162223171794626,2.2204460492503131e-16
7,1.5,balanced,0.72427793681705643,0.0085411600894704787,0.0085411601209945953
7,2,uniform,0.58113883008418976,0,0.026334038989723974
7,2,adversarial,0.66666666666666663,0.02704627669472992,2.2204460492503131e-16
7,2,balanced,0.6227766018055888,0.0065835097854518576,0.0065835097099040674
7,3,uniform,0.54345119786795704,0,0.019134903754970622
7,3,adversarial,0.58578643762690508,0.01970482419664954,0
7,3,balanced,0.56413442960276416,0.0048066908276680476,0.0048066908226649385
8,1.5,uniform,0.65000969793273033,0,0.034846222354920187
8,1.5,adversarial,0.80000000000000004,0.033886008493024145,2.2204460492503131e-16
8,1.5,balanced,0.72456275702474682,0.0084759133655103458,0.0084759134171925599
8,2,uniform,0.58113883008418976,0,0.026334038989723974
8,2,adversarial,0.66666666666666663,0.02704627669472992,2.2204460492503131e-16
8,2,balanced,0.6227766018055888,0.0065835097854518576,0.0065835097099040674
8,3,uniform,0.54324713539431757,0,0.019327580208101436
8,3,adversarial,0.58578643762690508,0.01991901470106705,0
8,3,balanced,0.56402432767247523,0.0048567389796079219,0.004856738986716902
9,1.5,uniform,0.65044577160677153,0,0.034635050451199856
9,1.5,adversarial,0.80000000000000004,0.033661950680045738,2.2204460492503131e-16
9,1.5,balanced,0.72479451828253327,0.008423013309624805,0.0084230132506677435
9,2,uniform,0.58113883008418976,0,0.026334038989723974
9,2,adversarial,0.66666666666666663,0.02704627669472992,2.2204460492503131e-16
9,2,balanced,0.6227766018055888,0.0065835097854520797,0.0065835097099040674
9,3,uniform,0.54307579585993648,0,0.019490164799850218
9,3,adversarial,0.58578643762690508,0.020095525485038346,0
9,3,balanced,0.5639341039680601,0.0048979525239607469,0.0048979525077916808
10,1.5,uniform,0.65080094972611857,0,0.034463573393590519
10,1.5,adversarial,0.80000000000000004,0.033476590946104778,2.2204460492503131e-16
10,1.5,balanced,0.72498668865907478,0.0083792802705606739,0.008379280258718147
10,2,uniform,0.58113883008418976,0,0.026334038989723974
10,2,adversarial,0.66666666666666663,0.027046276694730143,2.2204460492503131e-16
10,2,balanced,0.6227766018055888,0.0065835097854520797,0.0065835097099040674
10,3,uniform,0.54293717926481389,0,0.01962223689965481
10,3,adversarial,0.58578643762690508,0.020243524272360203,0
10,3,balanced,0.56385879722168319,0.0049324909528496441,0.0049324909419958818
11,1.5,uniform,0.65110135743062947,0,0.03431890355751066
11,1.5,adversarial,0.80000000000000004,0.03332072873804881,2.2204460492503131e-16
11,1.5,balanced,0.72514856209404299,0.0083425338807379124,0.0083425337979585734
11,2,uniform,0.58113883008418976,0,0.026334038989723974
11,2,adversarial,0.66666666666666663,0.02704627669472992,2.2204460492503131e-16
11,2,balanced,0.6227766018055888,0.0065835097854518576,0.0065835097099040674
11,3,uniform,0.54281583593277261,0,0.019738246864697162
11,3,adversarial,0.58578643762690508,0.020369444529681147,0
11,3,balanced,0.56379494167866262,0.0049618765045962299,0.0049618764728531772
12,1.5,uniform,0.65136314094469749,0,0.034193106511798188
12,1.5,adversarial,0.80000000000000004,0.0331878543066908,2.2204460492503131e-16
12,1.5,balanced,0.72528688625314408,0.008311199720528073,0.008311199643507905
12,2,uniform,0.58113883008418976,0,0.026334038989723974
12,2,adversarial,0.66666666666666663,0.02704627669472992,2.2204460492503131e-16
12,2,balanced,0.6227766018055888,0.0065835097854523017,0.0065835097099040674
12,3,uniform,0.5427128929025008,0,0.019836955029449266
12,3,adversarial,0.58578643762690508,0.020477818159987837,0
12,3,balanced,0.56374021642149486,0.0049871326607753286,0.0049871327100714513
13,1.5,uniform,0.65158265309451413,0,0.034087817787931796
13,1.5,adversarial,0.80000000000000004,0.033073246429931702,2.2204460492503131e-16
13,1.5,balanced,0.72540624518473118,0.0082842107155836064,0.0082842108299254757
13,2,uniform,0.58113883008418976,0,0.026334038989723974
13,2,adversarial,0.66666666666666663,0.027046276694730143,2.2204460492503131e-16
13,2,balanced,0.6227766018055888,0.0065835097854520797,0.0065835097099040674
13,3,uniform,0.54262722313531031,0,0.019919303420096623
13,3,adversarial,0.58578643762690508,0.020572049999101782,0
13,3,balanced,0.56369275506321159,0.0050090906808244462,0.0050090906769211241
14,1.5,uniform,0.65178376494256152,0,0.033991511046442602
14,1.5,adversarial,0.80000000000000004,0.032973399711696771,2.2204460492503131e-16
14,1.5,balanced,0.72551047512625955,0.0082606802950542235,0.0082606801793954077
14,2,uniform,0.58113883008418976,0,0.026334038989723974
14,2,adversarial,0.66666666666666663,0.027046276694730143,2.2204460492503131e-16
14,2,balanced,0.6227766018055888,0.0065835097854520797,0.0065835097099040674
14,3,uniform,0.54254632758061605,0,0.019997231976397911
14,3,adversarial,0.58578643762690508,0.020654787442422107,0
14,3,balanced,0.56365117588042246,0.0050283685678980117,0.0050283685600351902
15,1.5,uniform,0.65194555605194993,0,0.03391414232854828
15,1.5,adversarial,0.80000000000000004,0.032885595734560402,2.2204460492503131e-16
15,1.5,balanced,0.72560214835984493,0.0082400129337534267,0.0082400130150943607
15,2,uniform,0.58113883008418976,0,0.026334038989723974
15,2,adversarial,0.66666666666666663,0.027046276694730143,2.2204460492503131e-16
15,2,balanced,0.6227766018055888,0.0065835097854520797,0.0065835097099040674
15,3,uniform,0.54248088170209907,0,0.020060397880255376
15,3,adversarial,0.58578643762690508,0.020727978064311481,0
15,3,balanced,0.56361449680925901,0.0050454065761731393,0.0050454065716933894
16,1.5,uniform,0.65209667169765728,0,0.033841965930385465
16,1.5,adversarial,0.80000000000000004,0.032807857325726442,2.2204460492503131e-16
16,1.5,balanced,0.72568343837577243,0.0082217092736762698,0.0082217091645597762
16,2,uniform,0.58113883008418976,0,0.026334038989723974
16,2,adversarial,0.66666666666666663,0.02704627669472992,2.2204460492503131e-16
16,2,balanced,0.6227766018055888,0.0065835097854520797,0.0065835097099040674
16,3,uniform,0.5424154358235822,0,0.020123671495641426
16,3,adversarial,0.58578643762690508,0.020793163316856322,0
16,3,balanced,0.56358188082175364,0.0050605823904998903,0.005060582440960637
17,1.5,uniform,0.65224006250527633,0,0.033773557036878676
17,1.5,adversarial,0.80000000000000004,0.032738467447999575,2.2204460492503131e-16
17,1.5,balanced,0.72575603689182144,0.008205380143801122,0.0082053802163404299
17,2,uniform,0.58113883008418976,0,0.026334038989723974
17,2,adversarial,0.66666666666666663,0.027046276694730143,2.2204460492503131e-16
17,2,balanced,0.6227766018055888,0.0065835097854520797,0.0065835097099040674
17,3,uniform,0.54236248899565009,0,0.020174939772171774
17,3,adversarial,0.58578643762690508,0.020851648071143147,0
17,3,balanced,0.5635526594579513,0.0050741990209819399,0.0050741989990148451
18,1.5,uniform,0.65235845521172531,0,0.033717131423469215
18,1.5,adversarial,0.80000000000000004,0.032676206325702228,2.2204460492503131e-16
18,1.5,balanced,0.72582119327414163,0.0081907395646436676,0.008190739509797762
18,2,uniform,0.58113883008418976,0,0.026334038989723974
18,2,adversarial,0.66666666666666663,0.02704627669472992,2.2204460492503131e-16
18,2,balanced,0.6227766018055888,0.0065835097854518576,0.0065835097099040674
18,3,uniform,0.54231726700580662,0,0.020218783964371045
18,3,adversarial,0.58578643762690508,0.02090438612340173,0
18,3,balanced,0.56352634747699826,0.0050864761677495984,0.0050864761578108819
19,1.5,uniform,0.65247207370567795,0,0.033663029809905431
19,1.5,adversarial,0.80000000000000004,0.032620010275366873,2.2204460492503131e-16
19,1.5,balanced,0.72588011860672164,0.0081775106047454749,0.0081775106129784447
19,2,uniform,0.58113883008418976,0,0.026334038989723974
19,2,adversarial,0.66666666666666663,0.027046276694730143,2.2204460492503131e-16
19,2,balanced,0.6227766018055888,0.0065835097854520797,0.0065835097099040674
19,3,uniform,0.54226909439037096,0,0.020265545506904514
19,3,adversarial,0.58578643762690508,0.020952125968382918,0
19,3,balanced,0.56350257805428727,0.0050975801846757651,0.0050975802524739766
20,1.5,uniform,0.65257024252345341,0,0.033616323195584386
20,1.5,adversarial,0.80000000000000004,0.032569027053846122,2.2204460492503131e-16
20,1.5,balanced,0.72593357656745872,0.008165518839670316,0.0081655187574998234
20,2,uniform,0.58113883008418976,0,0.026334038989723974
20,2,adversarial,0.66666666666666663,0.027046276694730143,2.2204460492503131e-16
20,2,balanced,0.6227766018055888,0.0065835097854520797,0.0065835097099040674
20,3,uniform,0.54222864661302383,0,0.020304853611210705
20,3,adversarial,0.58578643762690508,0.020995622181254836,0
20,3,balanced,0.56348096123067659,0.0051076896319275367,0.0051076896983677234
21,1.5,uniform,0.65265113807814767,0,0.03357786153626563
21,1.5,adversarial,0.80000000000000004,0.032522591804132084,2.2204460492503131e-16
21,1.5,balanced,0.72598224350795149,0.0081546094633089261,0.0081546095809612584
21,2,uniform,0.58113883008418976,0,0.026334038989723974
21,2,adversarial,0.66666666666666663,0.027046276694730143,2.2204460492503131e-16
21,2,balanced,0.6227766018055888,0.0065835097854520797,0.0065835097099040674
21,3,uniform,0.54219114946126901,0,0.020341331029484433
21,3,adversarial,0.58578643762690508,0.021035435917245104,0
21,3,balanced,0.56346116120447576,0.0051169586377082243,0.005116958649862946
22,1.5,uniform,0.6527415820578345,0,0.033534888660117224
22,1.5,adversarial,0.80000000000000004,0.03248010917591615,2.2204460492503131e-16
22,1.5,balanced,0.72602684623183644,0.008144617990948122,0.0081446180862332351
22,2,uniform,0.58113883008418976,0,0.026334038989723974
22,2,adversarial,0.66666666666666663,0.027046276694730143,2.2204460492503131e-16
22,2,balanced,0.6227766018055888,0.0065835097854520797,0.0065835097099040674
22,3,uniform,0.54216320073450697,0,0.020368542727944527
22,3,adversarial,0.58578643762690508,0.021071919830327079,0
22,3,balanced,0.56344304862545491,0.0051254453816147461,0.0051254453303644087
23,1.5,uniform,0.65281475277444012,0,0.033500144937752996
23,1.5,adversarial,0.80000000000000004,0.032441067677395852,2.2204460492503131e-16
23,1.5,balanced,0.7260678573599807,0.0081354368095583052,0.0081354367579875575
23,2,uniform,0.58113883008418976,0,0.026334038989723974
23,2,adversarial,0.66666666666666663,0.027046276694730143,2.2204460492503131e-16
23,2,balanced,0.6227766018055888,0.0065835097854518576,0.0065835097099040674
23,3,uniform,0.54213047779524837,0,0.020400427747709449
23,3,adversarial,0.58578643762690508,0.021105495595030277,0
23,3,balanced,0.56342643056295549,0.0051332381315709608,0.0051332382002962085
24,1.5,uniform,0.65288792349104563,0,0.033465420947319524
24,1.5,adversarial,0.80000000000000004,0.032405116197084194,2.2204460492503131e-16
24,1.5,balanced,0.72610561660110584,0.0081269881354875118,0.0081269881949042055
24,2,uniform,0.58113883008418976,0,0.026334038989723974
24,2,adversarial,0.66666666666666663,0.027046276694730143,2.2204460492503131e-16
24,2,balanced,0.6227766018055888,0.0065835097854520797,0.0065835097099040674
24,3,uniform,0.54209775485598988,0,0.020432339748342576
24,3,adversarial,0.58578643762690508,0.021136571435950158,0
24,3,balanced,0.56341101171532837,0.0051404742907952272,0.0051404742296994321
25,1.5,uniform,0.65294859515706638,0,0.033436643484245243
25,1.5,adversarial,0.80000000000000004,0.032371875619735313,2.2204460492503131e-16
25,1.5,balanced,0.72614050293319021,0.0081191865931982132,0.0081191864888949805
25,2,uniform,0.58113883008418976,0,0.026334038989723974
25,2,adversarial,0.66666666666666663,0.027046276694730143,2.2204460492503131e-16
25,2,balanced,0.6227766018055888,0.0065835097854523017,0.0065835097099040674
25,3,uniform,0.54206980612922773,0,0.020459617217906345
25,3,adversarial,0.58578643762690508,0.021165376387013213,0
25,3,balanced,0.56339675606980588,0.0051471691284139531,0.0051471690978268647
26,1.5,uniform,0.65301881524807981,0,0.033403353994899465
26,1.5,adversarial,0.80000000000000004,0.03234103717711645,2.2204460492503131e-16
26,1.5,balanced,0.72617295140741189,0.0081119335768931045,0.0081119334566623902
26,2,uniform,0.58113883008418976,0,0.026334038989723974
26,2,adversarial,0.66666666666666663,0.027046276694730143,2.2204460492503131e-16
26,2,balanced,0.6227766018055888,0.0065835097854518576,0.0065835097099040674
26,3,uniform,0.54204958224055422,0,0.020479367658311043
26,3,adversarial,0.58578643762690508,0.021192158390324733,0
26,3,balanced,0.56338351114505802,0.0051533934038181517,0.0051533933721630287
27,1.5,uniform,0.65307176207601181,0,0.033378265315003874
27,1.5,adversarial,0.80000000000000004,0.032312353817369965,2.2204460492503131e-16
27,1.5,balanced,0.72620313773545997,0.0081051890721259845,0.0081051890899530576
27,2,uniform,0.58113883008418976,0,0.026334038989723974
27,2,adversarial,0.66666666666666663,0.027046276694730143,2.2204460492503131e-16
27,2,balanced,0.6227766018055888,0.0065835097854520797,0.0065835097099040674
27,3,uniform,0.54202458413938426,0,0.020503794794058061
27,3,adversarial,0.58578643762690508,0.021217042594165569,0
27,3,balanced,0.56337122583456845,0.0051591702518345439,0.0051591701938025203
28,1.5,uniform,0.65311698406585528,0,0.033356845200331664
28,1.5,adversarial,0.80000000000000004,0.0322856415897399,2.2204460492503131e-16
28,1.5,balanced,0.72623122063879131,0.0080989173074510479,0.0080989172937415699
28,2,uniform,0.58113883008418976,0,0.026334038989723974
28,2,adversarial,0.66666666666666663,0.027046276694730143,2.2204460492503131e-16
28,2,balanced,0.6227766018055888,0.0065835097854523017,0.0065835097099040674
28,3,uniform,0.54200436025071075,0,0.020523568290950589
28,3,adversarial,0.58578643762690508,0.021240331309907878,0
28,3,balanced,0.56335971026643161,0.0051645881689326156,0.005164588128926173
29,1.5,uniform,0.6531603824687946,0,0.033336295939138783
29,1.5,adversarial,0.80000000000000004,0.032260683588671846,2.2204460492503131e-16
29,1.5,balanced,0.72625744958836225,0.0080930619228405387,0.0080930618190779846
29,2,uniform,0.58113883008418976,0,0.026334038989723974
29,2,adversarial,0.66666666666666663,0.027046276694730143,2.2204460492503131e-16
29,2,balanced,0.6227766018055888,0.0065835097854518576,0.0065835097099040674
29,3,uniform,0.54197936214954079,0,0.020548023929699788
29,3,adversarial,0.58578643762690508,0.021262128575876282,0
29,3,balanced,0.56334895066686008,0.0051696530169675903,0.005169653068797464
30,1.5,uniform,0.65321515288363063,0,0.03331037190003272
30,1.5,adversarial,0.80000000000000004,0.032237302261234779,2.2204460492503131e-16
30,1.5,balanced,0.72628205759787001,0.0080875701316329707,0.0080875702087730428
30,2,uniform,0.58113883008418976,0,0.026334038989723974
30,2,adversarial,0.66666666666666663,0.027046276694730143,2.2204460492503131e-16
30,2,balanced,0.6227766018055888,0.0065835097854520797,0.0065835097099040674
30,3,uniform,0.54196391247336362,0,0.020563146225110351
30,3,adversarial,0.58578643762690508,0.021282602777988879,0
30,3,balanced,0.56333884211014595,0.0051744139696576763,0.0051744138966898223
31,1.5,uniform,0.65326332549906641,0,0.033287579874517137
31,1.5,adversarial,0.80000000000000004,0.032215347798952187,2.2204460492503131e-16
31,1.5,balanced,0.72630519627384338,0.0080824082834485278,0.0080824082645865047
31,2,uniform,0.58113883008418976,0,0.026334038989723974
31,2,adversarial,0.66666666666666663,0.027046276694730143,2.2204460492503131e-16
31,2,balanced,0.6227766018055888,0.0065835097854520797,0.0065835097099040674
31,3,uniform,0.5419466392102823,0,0.020580060593162086
31,3,adversarial,0.58578643762690508,0.021301811805147119,0
31,3,balanced,0.5633293919294502,0.0051788667891945472,0.0051788667152792289
32,1.5,uniform,0.65330377327641354,0,0.033268449319188154
32,1.5,adversarial,0.80000000000000004,0.032194702379551909,2.2204460492503131e-16
32,1.5,balanced,0.72632695178273288,0.008077556431175692,0.0080775564471864403
32,2,uniform,0.58113883008418976,0,0.026334038989723974
32,2,adversarial,0.66666666666666663,0.027046276694730143,2.2204460492503131e-16
32,2,balanced,0.6227766018055888,0.0065835097854518576,0.0065835097099040674
32,3,uniform,0.54193118953410513,0,0.020595195639734776
32,3,adversarial,0.58578643762690508,0.021319882989198291,0
32,3,balanced,0.56332048628047537,0.0051830648373296651,0.005183064784069602
33,1.5,uniform,0.65333172200317569,0,0.033255233949457175
33,1.5,adversarial,0.80000000000000004,0.032175267522490003,2.2204460492503131e-16
33,1.5,balanced,0.72634740093757477,0.008072997421964434,0.0080729973453539383
33,2,uniform,0.58113883008418976,0,0.026334038989723974
33,2,adversarial,0.66666666666666663,0.027046276694730143,2.2204460492503131e-16
33,2,balanced,0.6227766018055888,0.0065835097854520797,0.0065835097099040674
33,3,uniform,0.54191391627102381,0,0.020612124265329435
33,3,adversarial,0.58578643762690508,0.021336973116456326,0
33,3,balanced,0.5633120671327474,0.0051870352069200987,0.0051870351497560474
34,1.5,uniform,0.65336444494243417,0,0.033239764779473546
34,1.5,adversarial,0.80000000000000004,0.032156940629169739,2.2204460492503131e-16
34,1.5,balanced,0.72636667892674622,0.0080687006954696106,0.0080687005757855701
34,2,uniform,0.58113883008418976,0,0.026334038989723974
34,2,adversarial,0.66666666666666663,0.02704627669472992,2.2204460492503131e-16
34,2,balanced,0.6227766018055888,0.0065835097854520797,0.0065835097099040674
34,3,uniform,0.54189846659484664,0,0.020627272065405933
34,3,adversarial,0.58578643762690508,0.021353113523348677,0
34,3,balanced,0.56330409786521662,0.0051907947786533626,0.0051907948176579399
35,1.5,uniform,0.653401942094189,0,0.033222043534269385
35,1.5,adversarial,0.80000000000000004,0.03213961125703757,2.2204460492503131e-16
35,1.5,balanced,0.7263849309431778,0.0080646334964602495,0.0080646335737297736
35,2,uniform,0.58113883008418976,0,0.026334038989723974
35,2,adversarial,0.66666666666666663,0.027046276694730143,2.2204460492503131e-16
35,2,balanced,0.6227766018055888,0.0065835097854520797,0.0065835097099040674
35,3,uniform,0.54188596754426177,0,0.020639531299893266
35,3,adversarial,0.58578643762690508,0.021368400551801114,0
35,3,balanced,0.56329657590174897,0.0051943448322713248,0.0051943447633477913
36,1.5,uniform,0.65343466503344749,0,0.033206582822427277
36,1.5,adversarial,0.80000000000000004,0.032123196820239563,2.2204460492503131e-16
36,1.5,balanced,0.72640225566523253,0.0080607741328084792,0.0080607741800711175
36,2,uniform,0.58113883008418976,0,0.026334038989723974
36,2,adversarial,0.66666666666666663,0.027046276694730143,2.2204460492503131e-16
36,2,balanced,0.6227766018055888,0.0065835097854520797,0.0065835097099040674
36,3,uniform,0.54187346849367679,0,0.020651794476239216
36,3,adversarial,0.58578643762690508,0.021382854965201981,0
36,3,balanced,0.56328949024606412,0.0051976898985794939,0.0051976899534622589
37,1.5,uniform,0.65347033859829817,0,0.033189732509234515
37,1.5,adversarial,0.80000000000000004,0.032107633830061433,2.2204460492503131e-16
37,1.5,balanced,0.72641866800622568,0.0080571190203162502,0.0080571189198508364
37,2,uniform,0.58113883008418976,0,0.026334038989723974
37,2,adversarial,0.66666666666666663,0.027046276694730143,2.2204460492503131e-16
37,2,balanced,0.6227766018055888,0.0065835097854523017,0.0065835097099040674
37,3,uniform,0.54186096944309181,0,0.020664061594719119
37,3,adversarial,0.58578643762690508,0.021396576788515809,0
37,3,balanced,0.56328274881742424,0.0052008736934756605,0.0052008736737230166
38,1.5,uniform,0.65350011091196447,0,0.033175673221767621
38,1.5,adversarial,0.80000000000000004,0.032092852389223436,2.2204460492503131e-16
38,1.5,balanced,0.72643425263755579,0.0080536488258680095,0.0080536487984883554
38,2,uniform,0.58113883008418976,0,0.026334038989723974
38,2,adversarial,0.66666666666666663,0.027046276694730143,2.2204460492503131e-16
38,2,balanced,0.6227766018055888,0.0065835097854518576,0.0065835097099040674
38,3,uniform,0.54184847039250694,0,0.020676332655609642
38,3,adversarial,0.58578643762690508,0.021409626131533077,0
38,3,balanced,0.56327631982840254,0.0052039107129004947,0.0052039107874275459
39,1.5,uniform,0.65352328542623017,0,0.033164731850417573
39,1.5,adversarial,0.80000000000000004,0.032078811009368824,2.2204460492503131e-16
39,1.5,balanced,0.72644904163088997,0.0080503566144853878,0.0080503565535199328
39,2,uniform,0.58113883008418976,0,0.026334038989723974
39,2,adversarial,0.66666666666666663,0.027046276694730143,2.2204460492503131e-16
39,2,balanced,0.6227766018055888,0.0065835097854520797,0.0065835097099040674
39,3,uniform,0.54183302071632977,0,0.02069150596971725
39,3,adversarial,0.58578643762690508,0.021422068585171372,0
39,3,balanced,0.56327020797437322,0.0052067989936950276,0.0052067989407276194
40,1.5,uniform,0.65355305773989647,0,0.033150678363822017
40,1.5,adversarial,0.80000000000000004,0.032065458548377723,2.2204460492503131e-16
40,1.5,balanced,0.72646309879399706,0.0080472279447953987,0.0080472278720304935
40,2,uniform,0.58113883008418976,0,0.026334038989723974
40,2,adversarial,0.66666666666666663,0.027046276694730143,2.2204460492503131e-16
40,2,balanced,0.6227766018055888,0.0065835097854520797,0.0065835097099040674
40,3,uniform,0.54182529587824102,0,0.020699094885892944
40,3,adversarial,0.58578643762690508,0.021433909841564347,0
40,3,balanced,0.56326435839475919,0.0052095638833646873,0.0052095639388336501
41,1.5,uniform,0.65357328162856998,0,0.033141133900232322
41,1.5,adversarial,0.80000000000000004,0.032052731022054859,2.2204460492503131e-16
41,1.5,balanced,0.72647652036851407,0.0080442413233374754,0.0080442412413688213
41,2,uniform,0.58113883008418976,0,0.026334038989723974
41,2,adversarial,0.66666666666666663,0.027046276694730143,2.2204460492503131e-16
41,2,balanced,0.6227766018055888,0.0065835097854520797,0.0065835097099040674
41,3,uniform,0.54181574745324845,0,0.020708477383641899
41,3,adversarial,0.58578643762690508,0.021445185946480372,0
41,3,balanced,0.56325883166314927,0.0052121770093482844,0.0052121770352215879
42,1.5,uniform,0.65359827972973983,0,0.033129338374162209
42,1.5,adversarial,0.80000000000000004,0.032040588448049023,2.2204460492503131e-16
42,1.5,balanced,0.72648934069448323,0.0080413890093797846,0.0080413889404378214
42,2,uniform,0.58113883008418976,0,0.026334038989723974
42,2,adversarial,0.66666666666666663,0.027046276694730365,2.2204460492503131e-16
42,2,balanced,0.6227766018055888,0.0065835097854520797,0.0065835097099040674
42,3,uniform,0.54180507198956751,0,0.020718970059860231
42,3,adversarial,0.58578643762690508,0.021455961078557628,0
42,3,balanced,0.56325356822910921,0.0052146663197771836,0.00521466627690792
43,1.5,uniform,0.65362145424400564,0,0.033118405373841364
43,1.5,adversarial,0.80000000000000004,0.032028987182872504,2.2204460492503131e-16
43,1.5,balanced,0.72650158718454994,0.008038664683467589,0.0080386647981793846
43,2,uniform,0.58113883008418976,0,0.026334038989723974
43,2,adversarial,0.66666666666666663,0.027046276694730143,2.2204460492503131e-16
43,2,balanced,0.6227766018055888,0.0065835097854520797,0.0065835097099040674
43,3,uniform,0.54179552356457483,0,0.020728357432078903
43,3,adversarial,0.58578643762690508,0.021466258189990706,0
43,3,balanced,0.56324852734109421,0.0052170508555191564,0.0052170508505666735
44,1.5,uniform,0.65365122655767183,0,0.033104362640898
44,1.5,adversarial,0.80000000000000004,0.032017883580792939,2.2204460492503131e-16
44,1.5,balanced,0.72651330977388118,0.00803605761282844,0.0080360576423956775
44,2,uniform,0.58113883008418976,0,0.026334038989723974
44,2,adversarial,0.66666666666666663,0.027046276694730143,2.2204460492503131e-16
44,2,balanced,0.6227766018055888,0.0065835097854520797,0.0065835097099040674
44,3,uniform,0.5417877987264863,0,0.020735953659959616
44,3,adversarial,0.58578643762690508,0.02147610230921182,0
44,3,balanced,0.56324369276063546,0.0052193384053123015,0.0052193383651542025
45,1.5,uniform,0.653666676233849,0,0.033097076763918043
45,1.5,adversarial,0.80000000000000004,0.032007257598100081,2.2204460492503131e-16
45,1.5,balanced,0.72652452427647463,0.0080335637853783393,0.0080335638980073565
45,2,uniform,0.58113883008418976,0,0.026334038989723974
45,2,adversarial,0.66666666666666663,0.027046276694730143,2.2204460492503131e-16
45,2,balanced,0.6227766018055888,0.0065835097854520797,0.0065835097099040674
45,3,uniform,0.54177529967590132,0,0.020748247805671083
45,3,adversarial,0.58578643762690508,0.021485557220561002,0
45,3,balanced,0.56323904071139697,0.0052215400521884447,0.0052215400074417939
46,1.5,uniform,0.65367440107193775,0,0.03309343415471
46,1.5,adversarial,0.80000000000000004,0.031997092364438151,2.2204460492503131e-16
46,1.5,balanced,0.72653523861848446,0.0080311816487916854,0.008031181748320293
46,2,uniform,0.58113883008418976,0,0.026334038989723974
46,2,adversarial,0.66666666666666663,0.027046276694730143,2.2204460492503131e-16
46,2,balanced,0.6227766018055888,0.0065835097854520797,0.0065835097099040674
46,3,uniform,0.54176757483781279,0,0.020755847977718567
46,3,adversarial,0.58578643762690508,0.021494633273236419,0
46,3,balanced,0.56323458091061451,0.0052236511605339153,0.0052236511201766422
47,1.5,uniform,0.65370417338560394,0,0.033079397220745044
47,1.5,adversarial,0.80000000000000004,0.031987353910935656,2.2204460492503131e-16
47,1.5,balanced,0.72654549381237432,0.008028902141227201,0.0080289020256227861
47,2,uniform,0.58113883008418976,0,0.026334038989723974
47,2,adversarial,0.66666666666666663,0.027046276694730143,2.2204460492503131e-16
47,2,balanced,0.6227766018055888,0.0065835097854520797,0.0065835097099040674
47,3,uniform,0.54176280062531634,0,0.020760545895688987
47,3,adversarial,0.58578643762690508,0.021503304774956655,0
47,3,balanced,0.56323032358467651,0.0052256668702717057,0.0052256668035328691
48,1.5,uniform,0.65371962306178111,0,0.033072114352868942
48,1.5,adversarial,0.80000000000000004,0.031978004919338776,2.2204460492503131e-16
48,1.5,balanced,0.7265553593891716,0.0080267092021952813,0.0080267092314281197
48,2,uniform,0.58113883008418976,0,0.026334038989723974
48,2,adversarial,0.66666666666666663,0.02704627669472992,2.2204460492503131e-16
48,2,balanced,0.6227766018055888,0.0065835097854518576,0.0065835097099040674
48,3,uniform,0.54175507578722781,0,0.020768148505589279
48,3,adversarial,0.58578643762690508,0.021511619757235589,0
48,3,balanced,0.56322624017531586,0.0052276005648634882,0.0052276005248956814
49,1.5,uniform,0.65373689632486243,0,0.033063972898589089
49,1.5,adversarial,0.80000000000000004,0.031969026146732027,2.2204460492503131e-16
49,1.5,balanced,0.72656484492121365,0.008024601161461753,0.0080246012017382018
49,2,uniform,0.58113883008418976,0,0.026334038989723974
49,2,adversarial,0.66666666666666663,0.027046276694730143,2.2204460492503131e-16
49,2,balanced,0.6227766018055888,0.0065835097854520797,0.0065835097099040674
49,3,uniform,0.54174735094913917,0,0.020775752622252508
49,3,adversarial,0.58578643762690508,0.02151963093603082,0
49,3,balanced,0.563222333904979,0.0052294507808807733,0.0052294507101757759
50,1.5,uniform,0.65375712021353594,0,0.033054442112525839
50,1.5,adversarial,0.80000000000000004,0.031960395933569474,2.2204460492503131e-16
50,1.5,balanced,0.72657395501355659,0.008022576921634661,0.0080225768788133589
50,2,uniform,0.58113883008418976,0,0.026334038989723974
50,2,adversarial,0.66666666666666663,0.02704627669472992,2.2204460492503131e-16
50,2,balanced,0.6227766018055888,0.0065835097854520797,0.0065835097099040674
50,3,uniform,0.54173962611105053,0,0.02078335824574129
50,3,adversarial,0.58578643762690508,0.021527342317755993,0
50,3,balanced,0.56321856696277028,0.005231235195961137,0.0052312352267043227
51,1.5,uniform,0.65377734410220956,0,0.033044912830781259
51,1.5,adversarial,0.80000000000000004,0.031952091162976259,2.2204460492503131e-16
51,1.5,balanced,0.7265827293012258,0.0080206274606002825,0.0080206274244092324
51,2,uniform,0.58113883008418976,0,0.026334038989723974
51,2,adversarial,0.66666666666666663,0.027046276694730143,2.2204460492503131e-16
51,2,balanced,0.6227766018055888,0.0065835097854520797,0.0065835097099040674
51,3,uniform,0.54173485189855419,0,0.020788059533005443
51,3,adversarial,0.58578643762690508,0.021534756297021174,0
51,3,balanced,0.56321494388157023,0.0052329519092240151,0.0052329518913409867
52,1.5,uniform,0.65378984315279443,0,0.033039024162905939
52,1.5,adversarial,0.80000000000000004,0.031944090204387487,2.2204460492503131e-16
52,1.5,balanced,0.72659118640286646,0.0080187486946388109,0.0080187486744094372
52,2,uniform,0.58113883008418976,0,0.026334038989723974
52,2,adversarial,0.66666666666666663,0.027046276694730143,2.2204460492503131e-16
52,2,balanced,0.6227766018055888,0.0065835097854520797,0.0065835097099040674
52,3,uniform,0.54172712706046555,0,0.020795667594730283
52,3,adversarial,0.58578643762690508,0.021541898116011815,0
52,3,balanced,0.56321143385407524,0.0052346152394402434,0.0052346152696809423
53,1.5,uniform,0.65380234220337941,0,0.033033136069587909
53,1.5,adversarial,0.80000000000000004,0.031936385509919729,2.2204460492503131e-16
53,1.5,balanced,0.72659932506837044,0.008016940943314621,0.0080169408807828635
53,2,uniform,0.58113883008418976,0,0.026334038989723974
53,2,adversarial,0.66666666666666663,0.02704627669472992,2.2204460492503131e-16
53,2,balanced,0.6227766018055888,0.0065835097854518576,0.0065835097099040674
53,3,uniform,0.54171940222237702,0,0.02080327716345276
53,3,adversarial,0.58578643762690508,0.021548789315571693,0
53,3,balanced,0.56320805203045432,0.0052362181358738269,0.005236218153790384
54,1.5,uniform,0.65381301766706035,0,0.033028107492429459
54,1.5,adversarial,0.80000000000000004,0.03192896219366026,2.2204460492503131e-16
54,1.5,balanced,0.72660715836423417,0.0080152010320955203,0.0080152011168177495
54,2,uniform,0.58113883008418976,0,0.026334038989723974
54,2,adversarial,0.66666666666666663,0.02704627669472992,2.2204460492503131e-16
54,2,balanced,0.6227766018055888,0.0065835097854520797,0.0065835097099040674
54,3,uniform,0.54171462800988057,0,0.020807980889090638
54,3,adversarial,0.58578643762690508,0.02155544416892119,0
54,3,balanced,0.56320478843970534,0.0052377653139425995,0.0052377652416368825
55,1.5,uniform,0.65383324155573386,0,0.03301858236817834
55,1.5,adversarial,0.80000000000000004,0.031921804453333147,2.2204460492503131e-16
55,1.5,balanced,0.72661470785742666,0.008013524540902095,0.0080135245703965019
55,2,uniform,0.58113883008418976,0,0.026334038989723974
55,2,adversarial,0.66666666666666663,0.027046276694730143,2.2204460492503131e-16
55,2,balanced,0.6227766018055888,0.0065835097854520797,0.0065835097099040674
55,3,uniform,0.54170690317179204,0,0.020815592896325175
55,3,adversarial,0.58578643762690508,0.021561844850992218,0
55,3,balanced,0.5632016574844827,0.0052392497090107959,0.00523924967828715
56,1.5,uniform,0.65384574060631884,0,0.03301269626968395
56,1.5,adversarial,0.80000000000000004,0.031914892091454261,2.2204460492503131e-16
56,1.5,balanced,0.72662200407568522,0.008011904351814092,0.0080119044426574249
56,2,uniform,0.58113883008418976,0,0.026334038989723974
56,2,adversarial,0.66666666666666663,0.027046276694730365,2.2204460492503131e-16
56,2,balanced,0.6227766018055888,0.0065835097854520797,0.0065835097099040674
56,3,uniform,0.5417021289592957,0,0.020820298129099246
56,3,adversarial,0.58578643762690508,0.021568013852923729,0
56,3,balanced,0.56319863737557196,0.0052406817223582536,0.0052406817687216112
57,1.5,uniform,0.65385823965690371,0,0.033006810745678683
57,1.5,adversarial,0.80000000000000004,0.03190822086974765,2.2204460492503131e-16
57,1.5,balanced,0.72662904968591291,0.0080103400417859127,0.0080103401238045269
57,2,uniform,0.58113883008418976,0,0.026334038989723974
57,2,adversarial,0.66666666666666663,0.027046276694730365,2.2204460492503131e-16
57,2,balanced,0.6227766018055888,0.0065835097854520797,0.0065835097099040674
57,3,uniform,0.54169440412120706,0,0.020827912575016372
57,3,adversarial,0.58578643762690508,0.021573987263660444,0
57,3,balanced,0.56319572220263914,0.0052420643105874909,0.0052420642936501505
58,1.5,uniform,0.65387073870748869,0,0.033000925796146552
58,1.5,adversarial,0.80000000000000004,0.031901774261813065,2.2204460492503131e-16
58,1.5,balanced,0.72663585836171318,0.0080088285263584247,0.0080088285614614563
58,2,uniform,0.58113883008418976,0,0.026334038989723974
58,2,adversarial,0.66666666666666663,0.027046276694730143,2.2204460492503131e-16
58,2,balanced,0.6227766018055888,0.0065835097854518576,0.0065835097099040674
58,3,uniform,0.54168962990871083,0,0.02083261931503122
58,3,adversarial,0.58578643762690508,0.021579774319941292,0
58,3,balanced,0.56319289023907926,0.0052434074784344364,0.0052434075384959478
59,1.5,uniform,0.65388323775807367,0,0.032995041421072235
59,1.5,adversarial,0.80000000000000004,0.031895538691740999,2.2204460492503131e-16
59,1.5,balanced,0.72664244431636171,0.008007366544251715,0.0080073665852073983
59,2,uniform,0.58113883008418976,0,0.026334038989723974
59,2,adversarial,0.66666666666666663,0.027046276694730143,2.2204460492503131e-16
59,2,balanced,0.6227766018055888,0.0065835097854520797,0.0065835097099040674
59,3,uniform,0.54168667928311853,0,0.020835528528208025
59,3,adversarial,0.58578643762690508,0.021585374024591708,0
59,3,balanced,0.56319015075205658,0.0052447070715193611,0.0052447070910193183
60,1.5,uniform,0.65389868743425084,0,0.032987768727333222
60,1.5,adversarial,0.80000000000000004,0.031889503793253393,2.2204460492503131e-16
60,1.5,balanced,0.72664881670960701,0.0080059521973043779,0.008005952147957851
60,2,uniform,0.58113883008418976,0,0.026334038989723974
60,2,adversarial,0.66666666666666663,0.027046276694730365,2.2204460492503131e-16
60,2,balanced,0.6227766018055888,0.0065835097854520797,0.0065835097099040674
60,3,uniform,0.54168190507062208,0,0.020840236199803019
60,3,adversarial,0.58578643762690508,0.021590798872951122,0
60,3,balanced,0.56318750026443043,0.0052459646515141678,0.0052459645840101654
61,1.5,uniform,0.6539111864848357,0,0.032981885636729436
61,1.5,adversarial,0.80000000000000004,0.031883662239085897,2.2204460492503131e-16
61,1.5,balanced,0.72665498908696402,0.0080045823351968526,0.0080045822304766201
61,2,uniform,0.58113883008418976,0,0.026334038989723974
61,2,adversarial,0.66666666666666663,0.027046276694730143,2.2204460492503131e-16
61,2,balanced,0.6227766018055888,0.0065835097854520797,0.0065835097099040674
61,3,uniform,0.54167713085812585,0,0.020844944447165448
61,3,adversarial,0.58578643762690508,0.021596043954201782,0
61,3,balanced,0.56318493862969532,0.0052471800827842419,0.005247180071156432
62,1.5,uniform,0.65391891132292435,0,0.032978249973982132
62,1.5,adversarial,0.80000000000000004,0.031878004750793387,2.2204460492503131e-16
62,1.5,balanced,0.72666097016866282,0.0080032548429080919,0.0080032548857951191
62,2,uniform,0.58113883008418976,0,0.026334038989723974
62,2,adversarial,0.66666666666666663,0.027046276694730143,2.2204460492503131e-16
62,2,balanced,0.6227766018055888,0.0065835097854520797,0.0065835097099040674
62,3,uniform,0.54167418023253355,0,0.020847854591954151
62,3,adversarial,0.58578643762690508,0.021601122414219187,0
62,3,balanced,0.56318245176087378,0.005248360295899035,0.0052483602225905646
63,1.5,uniform,0.65392368553542068,0,0.032976003120533282
63,1.5,adversarial,0.80000000000000004,0.031872524618662856,2.2204460492503131e-16
63,1.5,balanced,0.72666675725069263,0.008001970781476242,0.0080019707029650444
63,2,uniform,0.58113883008418976,0,0.026334038989723974
63,2,adversarial,0.66666666666666663,0.02704627669472992,2.2204460492503131e-16
63,2,balanced,0.6227766018055888,0.0065835097854518576,0.0065835097099040674
63,3,uniform,0.54166940602003721,0,0.020852563770961341
63,3,adversarial,0.58578643762690508,0.021606040625010925,0
63,3,balanced,0.56318004266791977,0.0052495035439092952,0.0052495035972044413
64,1.5,uniform,0.653940958798502,0,0.032967874628477611
64,1.5,adversarial,0.80000000000000004,0.031867213137442674,2.2204460492503131e-16
64,1.5,balanced,0.72667237032016563,0.0080007252420051245,0.0080007252365339454
64,2,uniform,0.58113883008418976,0,0.026334038989723974
64,2,adversarial,0.66666666666666663,0.02704627669472992,2.2204460492503131e-16
64,2,balanced,0.6227766018055888,0.0065835097854518576,0.0065835097099040674
64,3,uniform,0.54166645539444491,0,0.020855474491550341
64,3,adversarial,0.58578643762690508,0.021610807237979701,0
64,3,balanced,0.56317770135273348,0.0052506148546818121,0.005250614928390851
65,1.5,uniform,0.65395163426218283,0,0.032962851492587264
65,1.5,adversarial,0.80000000000000004,0.031862060035080741,2.2204460492503131e-16
65,1.5,balanced,0.7266778179805703,0.0079995165370065902,0.007999516568372611
65,2,uniform,0.58113883008418976,0,0.026334038989723974
65,2,adversarial,0.66666666666666663,0.02704627669472992,2.2204460492503131e-16
65,2,balanced,0.6227766018055888,0.0065835097854518576,0.0065835097099040674
65,3,uniform,0.54166168118194857,0,0.020860184602243148
65,3,adversarial,0.58578643762690508,0.021615426781079972,0
65,3,balanced,0.56317544784612283,0.0052516847452506177,0.0052516846961150332
66,1.5,uniform,0.65395640847467917,0,0.032960605213513405
66,1.5,adversarial,0.80000000000000004,0.031857058478647282,2.2204460492503131e-16
66,1.5,balanced,0.72668310593526197,0.0079983435360204691,0.0079983434245982643
66,2,uniform,0.58113883008418976,0,0.026334038989723974
66,2,adversarial,0.66666666666666663,0.027046276694730143,2.2204460492503131e-16
66,2,balanced,0.6227766018055888,0.0065835097854520797,0.0065835097099040674
66,3,uniform,0.54165395634386004,0,0.020867806941075706
66,3,adversarial,0.58578643762690508,0.02161991910028771,0
66,3,balanced,0.56317326529958489,0.0052527209495443206,0.0052527208865327246
67,1.5,uniform,0.6539641333127677,0,0.032956970835107402
67,1.5,adversarial,0.80000000000000004,0.031852203582264593,2.2204460492503131e-16
67,1.5,balanced,0.72668823685512463,0.0079972052234380531,0.0079972052046481945
67,2,uniform,0.58113883008418976,0,0.026334038989723974
67,2,adversarial,0.66666666666666663,0.027046276694730143,2.2204460492503131e-16
67,2,balanced,0.6227766018055888,0.0065835097854520797,0.0065835097099040674
67,3,uniform,0.54164918213136359,0,0.020872518559352349
67,3,adversarial,0.58578643762690508,0.02162429433167512,0
67,3,balanced,0.56317113291234167,0.0052537333810751541,0.0052537333661666352
68,1.5,uniform,0.65397185815085634,0,0.032953336676080358
68,1.5,adversarial,0.80000000000000004,0.031847489520737682,2.2204460492503131e-16
68,1.5,balanced,0.72669321749920668,0.0079961005000699359,0.0079961004015711712
68,2,uniform,0.58113883008418976,0,0.026334038989723974
68,2,adversarial,0.66666666666666663,0.027046276694730143,2.2204460492503131e-16
68,2,balanced,0.6227766018055888,0.0065835097854520797,0.0065835097099040674
68,3,uniform,0.54164918213136359,0,0.020872518559352349
68,3,adversarial,0.58578643762690508,0.021628538473941639,0
68,3,balanced,0.56316906149765988,0.0052547170223424811,0.0052547169928252035
69,1.5,uniform,0.65398435720144132,0,0.03294745694789758
69,1.5,adversarial,0.80000000000000004,0.031842910104156186,2.2204460492503131e-16
69,1.5,balanced,0.72669805496105178,0.00799502746196179,0.0079950274348816741
69,2,uniform,0.58113883008418976,0,0.026334038989723974
69,2,adversarial,0.66666666666666663,0.027046276694730143,2.2204460492503131e-16
69,2,balanced,0.6227766018055888,0.0065835097854520797,0.0065835097099040674
69,3,uniform,0.54164145729327506,0,0.020880143337591806
69,3,adversarial,0.58578643762690508,0.021632667014964024,0
69,3,balanced,0.56316704900824854,0.0052556727993087193,0.005255672730341443
70,1.5,uniform,0.65399685625202619,0,0.032941577794031396
70,1.5,adversarial,0.80000000000000004,0.031838455921030961,2.2204460492503131e-16
70,1.5,balanced,0.72670275832462194,0.0079939843433480817,0.0079939842832956742
70,2,uniform,0.58113883008418976,0,0.026334038989723974
70,2,adversarial,0.66666666666666663,0.027046276694730143,2.2204460492503131e-16
70,2,balanced,0.6227766018055888,0.0065835097854520797,0.0065835097099040674
70,3,uniform,0.54163668308077872,0,0.020884856463557755
70,3,adversarial,0.58578643762690508,0.021636682909309313,0
70,3,balanced,0.56316507791147918,0.0052566088473089412,0.0052566088982199943
71,1.5,uniform,0.65400458109011483,0,0.032937944564269239
71,1.5,adversarial,0.80000000000000004,0.031834124136006503,2.2204460492503131e-16
71,1.5,balanced,0.72670733744245908,0.0079929687187705323,0.0079929687558115692
71,2,uniform,0.58113883008418976,0,0.026334038989723974
71,2,adversarial,0.66666666666666663,0.027046276694730143,2.2204460492503131e-16
71,2,balanced,0.6227766018055888,0.0065835097854520797,0.0065835097099040674
71,3,uniform,0.54163668308077872,0,0.020884856463557755
71,3,adversarial,0.58578643762690508,0.021640590561565531,0
71,3,balanced,0.56316315771661341,0.0052575210136229789,0.0052575209739629258
72,1.5,uniform,0.65400935530261117,0,0.032935699214466929
72,1.5,adversarial,0.80000000000000004,0.031829911896294583,2.2204460492503131e-16
72,1.5,balanced,0.72671178997547359,0.0079919812816697799,0.007991981365679246
72,2,uniform,0.58113883008418976,0,0.026334038989723974
72,2,adversarial,0.66666666666666663,0.027046276694730143,2.2204460492503131e-16
72,2,balanced,0.6227766018055888,0.0065835097854518576,0.0065835097099040674
72,3,uniform,0.54163373245518642,0,0.020887769623553876
72,3,adversarial,0.58578643762690508,0.021644391869572122,0
72,3,balanced,0.56316129919003366,0.0052584038045691006,0.0052584038363912011
73,1.5,uniform,0.65402185435319615,0,0.032929821209188637
73,1.5,adversarial,0.80000000000000004,0.031825813424433136,2.2204460492503131e-16
73,1.5,balanced,0.72671612371511685,0.007991020438027352,0.0079910203798374546
73,2,uniform,0.58113883008418976,0,0.026334038989723974
73,2,adversarial,0.66666666666666663,0.02704627669472992,2.2204460492503131e-16
73,2,balanced,0.6227766018055888,0.0065835097854520797,0.0065835097099040674
73,3,uniform,0.54162895824269008,0,0.020892483681375529
73,3,adversarial,0.58578643762690508,0.021648086558557988,0
73,3,balanced,0.56315949906207274,0.0052592590513136361,0.0052592590312128262
74,1.5,uniform,0.65402480497878845,0,0.032928433684156211
74,1.5,adversarial,0.80000000000000004,0.03182182401149336,2.2204460492503131e-16
74,1.5,balanced,0.72672033812540193,0.0079900858240991024,0.007990085912198408
74,2,uniform,0.58113883008418976,0,0.026334038989723974
74,2,adversarial,0.66666666666666663,0.027046276694730143,2.2204460492503131e-16
74,2,balanced,0.6227766018055888,0.0065835097854520797,0.0065835097099040674
74,3,uniform,0.54162895824269008,0,0.020892483681375529
74,3,adversarial,0.58578643762690508,0.021651681297260916,0
74,3,balanced,0.56315774401765872,0.0052600928249244561,0.0052600928778101519
75,1.5,uniform,0.65403730402937343,0,0.032922556388712776
75,1.5,adversarial,0.80000000000000004,0.031817938047670857,2.2204460492503131e-16
75,1.5,balanced,0.72672444253867474,0.0079891758501411392,0.0079891758888552822
75,2,uniform,0.58113883008418976,0,0.026334038989723974
75,2,adversarial,0.66666666666666663,0.027046276694730143,2.2204460492503131e-16
75,2,balanced,0.6227766018055888,0.0065835097854523017,0.0065835097099040674
75,3,uniform,0.54162418403019374,0,0.020897198315136034
75,3,adversarial,0.58578643762690508,0.021655179615423847,0
75,3,balanced,0.56315603744999865,0.0052609036957225186,0.0052609037585140683
76,1.5,uniform,0.654046852454366,0,0.032918066921427958
76,1.5,adversarial,0.80000000000000004,0.031814152244678207,2.2204460492503131e-16
76,1.5,balanced,0.72672844271310311,0.0079882889258777734,0.0079882890289051378
76,2,uniform,0.58113883008418976,0,0.026334038989723974
76,2,adversarial,0.66666666666666663,0.027046276694730143,2.2204460492503131e-16
76,2,balanced,0.6227766018055888,0.0065835097854520797,0.0065835097099040674
76,3,uniform,0.54162123340460155,0,0.020900112407021387
76,3,adversarial,0.58578643762690508,0.021658578379619708,0
76,3,balanced,0.56315438048908917,0.0052616910668727979,0.005261691130786561
77,1.5,uniform,0.654046852454366,0,0.032918066921427958
77,1.5,adversarial,0.80000000000000004,0.031810462940261131,2.2204460492503131e-16
77,1.5,balanced,0.7267323455197916,0.0079874238685702093,0.007987423805124072
77,2,uniform,0.58113883008418976,0,0.026334038989723974
77,2,adversarial,0.66666666666666663,0.027046276694730143,2.2204460492503131e-16
77,2,balanced,0.6227766018055888,0.0065835097854523017,0.0065835097099040674
77,3,uniform,0.5416164591921051,0,0.020904827972703988
77,3,adversarial,0.58578643762690508,0.021661899883756552,0
77,3,balanced,0.56315276313457996,0.0052624597661761197,0.0052624597417276764
78,1.5,uniform,0.65405752791804694,0,0.032913047941200757
78,1.5,adversarial,0.80000000000000004,0.031806866724215066,2.2204460492503131e-16
78,1.5,balanced,0.72673614744816573,0.007986581067665588,0.0079865809920773856
78,2,uniform,0.58113883008418976,0,0.026334038989723974
78,2,adversarial,0.66666666666666663,0.027046276694730143,2.2204460492503131e-16
78,2,balanced,0.6227766018055888,0.0065835097854520797,0.0065835097099040674
78,3,uniform,0.54161350856651291,0,0.020907742640560389
78,3,adversarial,0.58578643762690508,0.021665146154763448,0
78,3,balanced,0.56315118172567802,0.0052632113771236,0.0052632113269426295
79,1.5,uniform,0.65406230213054317,0,0.032910803520564968
79,1.5,adversarial,0.80000000000000004,0.0318033597395182,2.2204460492503131e-16
79,1.5,balanced,0.72673985326074875,0.0079857596423498212,0.0079857595304189122
79,2,uniform,0.58113883008418976,0,0.026334038989723974
79,2,adversarial,0.66666666666666663,0.02704627669472992,2.2204460492503131e-16
79,2,balanced,0.6227766018055888,0.0065835097854518576,0.0065835097099040674
79,3,uniform,0.54161350856651291,0,0.020907742640560389
79,3,adversarial,0.58578643762690508,0.021668310977706051,0
79,3,balanced,0.5631496385102811,0.0052639448633431396,0.0052639448141535983
80,1.5,uniform,0.65406707634303962,0,0.032908559183706609
80,1.5,adversarial,0.80000000000000004,0.031799940000718063,2.2204460492503131e-16
80,1.5,balanced,0.72674346765573716,0.007984958488098437,0.0079849583753788256
80,2,uniform,0.58113883008418976,0,0.026334038989723974
80,2,adversarial,0.66666666666666663,0.027046276694730143,2.2204460492503131e-16
80,2,balanced,0.6227766018055888,0.0065835097854518576,0.0065835097099040674
80,3,uniform,0.54160873435401657,0,0.020912459138203721
80,3,adversarial,0.58578643762690508,0.021671409287160159,0
80,3,balanced,0.56314812851885476,0.0052646625449397355,0.0052646625616692422
81,1.5,uniform,0.65407480118112815,0,0.03290492794782951
81,1.5,adversarial,0.80000000000000004,0.031796603918053279,2.2204460492503131e-16
81,1.5,balanced,0.72674699425495537,0.0079841767362589522,0.0079841767210520054
81,2,uniform,0.58113883008418976,0,0.026334038989723974
81,2,adversarial,0.66666666666666663,0.027046276694730143,2.2204460492503131e-16
81,2,balanced,0.6227766018055888,0.0065835097854520797,0.0065835097099040674
81,3,uniform,0.54160396014152024,0,0.020917176211852295
81,3,adversarial,0.58578643762690508,0.021674434683152555,0
81,3,balanced,0.56314665345889015,0.0052653637547761534,0.0052653637544082255
82,1.5,uniform,0.65409025085730543,0,0.032897666134051207
82,1.5,adversarial,0.80000000000000004,0.031793346845166326,2.2204460492503131e-16
82,1.5,balanced,0.72675044052616888,0.0079834128896099088,0.0079834129094027428
82,2,uniform,0.58113883008418976,0,0.026334038989723974
82,2,adversarial,0.66666666666666663,0.02704627669472992,2.2204460492503131e-16
82,2,balanced,0.6227766018055888,0.0065835097854518576,0.0065835097099040674
82,3,uniform,0.54160100951592793,0,0.020920091811703179
82,3,adversarial,0.58578643762690508,0.021677381032308318,0
82,3,balanced,0.56314521624275371,0.0052660470731369369,0.0052660470043330854
83,1.5,uniform,0.65409502506980166,0,0.032895422287618548
83,1.5,adversarial,0.80000000000000004,0.031790166290040833,2.2204460492503131e-16
83,1.5,balanced,0.72675380422939051,0.0079826673238008183,0.0079826674342011739
83,2,uniform,0.58113883008418976,0,0.026334038989723974
83,2,adversarial,0.66666666666666663,0.02704627669472992,2.2204460492503131e-16
83,2,balanced,0.6227766018055888,0.0065835097854518576,0.0065835097099040674
83,3,uniform,0.54160100951592793,0,0.020920091811703179
83,3,adversarial,0.58578643762690508,0.02168025717427513,0
83,3,balanced,0.56314381299751837,0.0052667141974562792,0.0052667141491569147
84,1.5,uniform,0.654099799282298,0,0.032893178524956879
84,1.5,adversarial,0.80000000000000004,0.031787060224079511,2.2204460492503131e-16
84,1.5,balanced,0.72675708851532372,0.007981939629325252,0.0079819395945688321
84,2,uniform,0.58113883008418976,0,0.026334038989723974
84,2,adversarial,0.66666666666666663,0.027046276694730143,2.2204460492503131e-16
84,2,balanced,0.6227766018055888,0.0065835097854523017,0.0065835097099040674
84,3,uniform,0.54159623530343159,0,0.020924809817378653
84,3,adversarial,0.58578643762690508,0.021683069850900738,0
84,3,balanced,0.56314243075063031,0.0052673712903599235,0.0052673713538244904
85,1.5,uniform,0.6541027499078903,0,0.032891791845255369
85,1.5,adversarial,0.80000000000000004,0.031784025545672057,2.2204460492503131e-16
85,1.5,balanced,0.72676029865388192,0.0079812282146345392,0.007981228220208969
85,2,uniform,0.58113883008418976,0,0.026334038989723974
85,2,adversarial,0.66666666666666663,0.027046276694730143,2.2204460492503131e-16
85,2,balanced,0.6227766018055888,0.0065835097854520797,0.0065835097099040674
85,3,uniform,0.54159623530343159,0,0.020924809817378653
85,3,adversarial,0.58578643762690508,0.021685815264059771,0
85,3,balanced,0.56314108727594003,0.0052680101822271119,0.0052680101647977207
86,1.5,uniform,0.65410752412038664,0,0.032889548218137943
86,1.5,adversarial,0.80000000000000004,0.031781059932050049,2.2204460492503131e-16
86,1.5,balanced,0.72676343497742746,0.0079805332445834765,0.0079805332351960967
86,2,uniform,0.58113883008418976,0,0.026334038989723974
86,2,adversarial,0.66666666666666663,0.027046276694730143,2.2204460492503131e-16
86,2,balanced,0.6227766018055888,0.0065835097854520797,0.0065835097099040674
86,3,uniform,0.54159146109093526,0,0.020929528399099118
86,3,adversarial,0.58578643762690508,0.021688494927106783,0
86,3,balanced,0.56313977541477345,0.005268633968522396,0.0052686339827883177
87,1.5,uniform,0.65411524895847517,0,0.032885918130630243
87,1.5,adversarial,0.80000000000000004,0.031778162835052859,2.2204460492503131e-16
87,1.5,balanced,0.72676649811784699,0.0079798545307268043,0.0079798544973004315
87,2,uniform,0.58113883008418976,0,0.026334038989723974
87,2,adversarial,0.66666666666666663,0.02704627669472992,2.2204460492503131e-16
87,2,balanced,0.6227766018055888,0.0065835097854518576,0.0065835097099040674
87,3,uniform,0.54159146109093526,0,0.020929528399099118
87,3,adversarial,0.58578643762690508,0.021691116717938552,0
87,3,balanced,0.56313849402852312,0.0052692434237626706,0.0052692433464918143
88,1.5,uniform,0.65412002317097162,0,0.032883674722821832
88,1.5,adversarial,0.80000000000000004,0.031775329022557086,2.2204460492503131e-16
88,1.5,balanced,0.72676949525848777,0.0079791903461563507,0.0079791904127770596
88,2,uniform,0.58113883008418976,0,0.026334038989723974
88,2,adversarial,0.66666666666666663,0.02704627669472992,2.2204460492503131e-16
88,2,balanced,0.6227766018055888,0.0065835097854518576,0.0065835097099040674
88,3,uniform,0.54158851046534306,0,0.020932444931009542
88,3,adversarial,0.58578643762690508,0.021693672660311192,0
88,3,balanced,0.56313724672260079,0.0052698364781271767,0.0052698365385797086
89,1.5,uniform,0.65413252222155649,0,0.032877801801655115
89,1.5,adversarial,0.80000000000000004,0.031772557889427899,2.2204460492503131e-16
89,1.5,balanced,0.72677242614312698,0.0079785409314845346,0.0079785410364996423
89,2,uniform,0.58113883008418976,0,0.026334038989723974
89,2,adversarial,0.66666666666666663,0.02704627669472992,2.2204460492503131e-16
89,2,balanced,0.6227766018055888,0.0065835097854520797,0.0065835097099040674
89,3,uniform,0.54158851046534306,0,0.020932444931009542
89,3,adversarial,0.58578643762690508,0.021696173454464285,0
89,3,balanced,0.56313603094619391,0.0052704148048612343,0.0052704147694144776
90,1.5,uniform,0.65413252222155649,0,0.032877801801655115
90,1.5,adversarial,0.80000000000000004,0.031769847166846388,2.2204460492503131e-16
90,1.5,balanced,0.72677529420146469,0.0079779056656659186,0.0079779056067608156
90,2,uniform,0.58113883008418976,0,0.026334038989723974
90,2,adversarial,0.66666666666666663,0.027046276694730143,2.2204460492503131e-16
90,2,balanced,0.6227766018055888,0.0065835097854520797,0.0065835097099040674
90,3,uniform,0.54158373625284661,0,0.020937164444822187
90,3,adversarial,0.58578643762690508,0.021698621871104384,0
90,3,balanced,0.56313484530039237,0.0052709787476397096,0.0052709787018101473
91,1.5,uniform,0.65413547284714879,0,0.032876415476798426
91,1.5,adversarial,0.80000000000000004,0.031767195626609679,2.2204460492503131e-16
91,1.5,balanced,0.72677809746226896,0.0079772846089685157,0.0079772845585437402
91,2,uniform,0.58113883008418976,0,0.026334038989723974
91,2,adversarial,0.66666666666666663,0.02704627669472992,2.2204460492503131e-16
91,2,balanced,0.6227766018055888,0.0065835097854520797,0.0065835097099040674
91,3,uniform,0.54158373625284661,0,0.020937164444822187
91,3,adversarial,0.58578643762690508,0.021701013893086651,0
91,3,balanced,0.56313369015511183,0.0052715281697583993,0.0052715281574080564
92,1.5,uniform,0.65414024705964513,0,0.032874172423827952
92,1.5,adversarial,0.80000000000000004,0.031764601569130413,2.2204460492503131e-16
92,1.5,balanced,0.72678083963180318,0.0079766771580984663,0.0079766770690528066
92,2,uniform,0.58113883008418976,0,0.026334038989723974
92,2,adversarial,0.66666666666666663,0.02704627669472992,2.2204460492503131e-16
92,2,balanced,0.6227766018055888,0.0065835097854518576,0.0065835097099040674
92,3,uniform,0.54158078562725442,0,0.020940081552810019
92,3,adversarial,0.58578643762690508,0.021703356633949955,0
92,3,balanced,0.5631325571261887,0.0052720671314689938,0.0052720671221695437
93,1.5,uniform,0.65414797189773366,0,0.032870543265297147
93,1.5,adversarial,0.80000000000000004,0.03176206213117716,2.2204460492503131e-16
93,1.5,balanced,0.72678352365103593,0.0079760825378216715,0.0079760824851922152
93,2,uniform,0.58113883008418976,0,0.026334038989723974
93,2,adversarial,0.66666666666666663,0.027046276694730143,2.2204460492503131e-16
93,2,balanced,0.6227766018055888,0.0065835097854520797,0.0065835097099040674
93,3,uniform,0.54157601141475809,0,0.02094480199875548
93,3,adversarial,0.58578643762690508,0.021705661425425404,0
93,3,balanced,0.56313144026695694,0.0052725984102841572,0.0052725984233734646
94,1.5,uniform,0.65414797189773366,0,0.032870543265297147
94,1.5,adversarial,0.80000000000000004,0.031759574464294671,2.2204460492503131e-16
94,1.5,balanced,0.72678615233549693,0.0079755000937637988,0.007975500181786499
94,2,uniform,0.58113883008418976,0,0.026334038989723974
94,2,adversarial,0.66666666666666663,0.027046276694730143,2.2204460492503131e-16
94,2,balanced,0.6227766018055888,0.0065835097854520797,0.0065835097099040674
94,3,uniform,0.54157601141475809,0,0.02094480199875548
94,3,adversarial,0.58578643762690508,0.021707918311333563,0
94,3,balanced,0.56313034009318885,0.0052731217427870458,0.005273121814431958
95,1.5,uniform,0.65415274611023011,0,0.03286830043162059
95,1.5,adversarial,0.80000000000000004,0.031757139122438494,2.2204460492503131e-16
95,1.5,balanced,0.72678872544356976,0.0079749302964760016,0.0079749302109615172
95,2,uniform,0.58113883008418976,0,0.026334038989723974
95,2,adversarial,0.66666666666666663,0.027046276694730143,2.2204460492503131e-16
95,2,balanced,0.6227766018055888,0.0065835097854520797,0.0065835097099040674
95,3,uniform,0.54157123720226175,0,0.020949523020810989
95,3,adversarial,0.58578643762690508,0.021710129072202378,0
95,3,balanced,0.56312925683938375,0.005273637152849453,0.0052736371825430339
96,1.5,uniform,0.65415569673582241,0,0.032866914326058261
96,1.5,adversarial,0.80000000000000004,0.031754753604498864,2.2204460492503131e-16
96,1.5,balanced,0.72679124756224167,0.007974371471608066,0.0079743715553375338
96,2,uniform,0.58113883008418976,0,0.026334038989723974
96,2,adversarial,0.66666666666666663,0.027046276694730365,2.2204460492503131e-16
96,2,balanced,0.6227766018055888,0.0065835097854520797,0.0065835097099040674
96,3,uniform,0.54157123720226175,0,0.020949523020810989
96,3,adversarial,0.58578643762690508,0.021712291978687182,0
96,3,balanced,0.56312819558413607,0.0052741421418731615,0.0052741421101059061
97,1.5,uniform,0.65416524516081498,0,0.032862429013521544
97,1.5,adversarial,0.80000000000000004,0.031752416996067012,2.2204460492503131e-16
97,1.5,balanced,0.72679371911673452,0.007973824111860095,0.0079738241195010939
97,2,uniform,0.58113883008418976,0,0.026334038989723974
97,2,adversarial,0.66666666666666663,0.027046276694730143,2.2204460492503131e-16
97,2,balanced,0.6227766018055888,0.0065835097854520797,0.0065835097099040674
97,3,uniform,0.54156828657666944,0,0.020952441060964277
97,3,adversarial,0.58578643762690508,0.02171441158962728,0
97,3,balanced,0.5631271559577895,0.0052746367283436069,0.0052746367714420206
98,1.5,uniform,0.65416819578640728,0,0.032861043043485694
98,1.5,adversarial,0.80000000000000004,0.031750127902908654,2.2204460492503131e-16
98,1.5,balanced,0.72679614012466076,0.0079732878325011747,0.0079732878983542754
98,2,uniform,0.58113883008418976,0,0.026334038989723974
98,2,adversarial,0.66666666666666663,0.027046276694730143,2.2204460492503131e-16
98,2,balanced,0.6227766018055888,0.0065835097854520797,0.0065835097099040674
98,3,uniform,0.54156828657666944,0,0.020952441060964277
98,3,adversarial,0.58578643762690508,0.021716488106714005,0
98,3,balanced,0.56312613597780858,0.0052751220892206518,0.0052751221084135214
99,1.5,uniform,0.65416819578640728,0,0.032861043043485694
99,1.5,adversarial,0.80000000000000004,0.03174788459330391,2.2204460492503131e-16
99,1.5,balanced,0.72679851419623076,0.0079727620717888747,0.0079727620911533847
99,2,uniform,0.58113883008418976,0,0.026334038989723974
99,2,adversarial,0.66666666666666663,0.027046276694730143,2.2204460492503131e-16
99,2,balanced,0.6227766018055888,0.0065835097854520797,0.0065835097099040674
99,3,uniform,0.54156351236417311,0,0.020957163015218105
99,3,adversarial,0.58578643762690508,0.021718529720310631,0
99,3,balanced,0.56312513497782324,0.0052755984168098013,0.0052755984367773845
100,1.5,uniform,0.65417592062449592,0,0.032857414678343799
100,1.5,adversarial,0.80000000000000004,0.031745684747648939,2.2204460492503131e-16
100,1.5,balanced,0.72680084297412573,0.007972246251339854,0.0079722463330298421
100,2,uniform,0.58113883008418976,0,0.026334038989723974
100,2,adversarial,0.66666666666666663,0.02704627669472992,2.2204460492503131e-16
100,2,balanced,0.6227766018055888,0.0065835097854520797,0.0065835097099040674
100,3,uniform,0.54156351236417311,0,0.020957163015218105
100,3,adversarial,0.58578643762690508,0.021720528831294272,0
100,3,balanced,0.56312415656775405,0.0052760639748445914,0.005276064037346373
