lambda_ratio,log2N_left,log2N_right,beta_quotient
0.0,10.0,12.0,0.49489944197987756
0.0,12.0,14.0,0.4973616599677116
0.0,14.0,16.0,0.49872077492821215
0.0,16.0,18.0,0.4993726441643805
0.0,18.0,20.0,0.4996651574577803
0.0,20.0,22.0,0.4998218825761715
0.0,22.0,24.0,0.49994280206535985
0.0,24.0,26.0,0.49996198399826
0.0,26.0,28.0,0.4999074517973257
0.0,28.0,30.0,0.4999956867524121
0.0,30.0,32.0,0.49994711531303204
0.1,10.0,12.0,0.49402224996531924
0.1,12.0,14.0,0.4969285898903085
0.1,14.0,16.0,0.49846929123524314
0.1,16.0,18.0,0.49916836582600044
0.1,18.0,20.0,0.49957692250285723
0.1,20.0,22.0,0.4997957216615559
0.1,22.0,24.0,0.4999004728164438
0.1,24.0,26.0,0.4999117650448468
0.1,26.0,28.0,0.5000000000006262
0.1,28.0,30.0,0.49994280206357866
0.1,30.0,32.0,0.49991443077693126
0.2,10.0,12.0,0.49264349770978366
0.2,12.0,14.0,0.49612311663090347
0.2,14.0,16.0,0.49802005282348866
0.2,16.0,18.0,0.49889236873245457
0.2,18.0,20.0,0.49937264416441374
0.2,20.0,22.0,0.4995930908372799
0.2,22.0,24.0,0.49981490359508607
0.2,24.0,26.0,0.49976201890779925
0.2,26.0,28.0,0.49991011752982406
0.2,28.0,30.0,0.49990478606687244
0.2,30.0,32.0,0.5001540593813792
0.3,10.0,12.0,0.4906159973133368
0.3,12.0,14.0,0.4949748036283667
0.3,14.0,16.0,0.4971884186494706
0.3,16.0,18.0,0.4983073421458142
0.3,18.0,20.0,0.4990378016221306
0.3,20.0,22.0,0.4993154462297017
0.3,22.0,24.0,0.4995345932538812
0.3,24.0,26.0,0.499593090836637
0.3,26.0,28.0,0.4996694707058837
0.3,28.0,30.0,0.4997620189064417
0.3,30.0,32.0,0.5001427671555781
0.4,10.0,12.0,0.4878060634767917
0.4,12.0,14.0,0.4931499340563275
0.4,14.0,16.0,0.495935354492267
0.4,16.0,18.0,0.4975232611917511
0.4,18.0,20.0,0.49835324785181356
0.4,20.0,22.0,0.4988041337775433
0.4,22.0,24.0,0.4991260365769252
0.4,24.0,26.0,0.49922721127474334
0.4,26.0,28.0,0.49952670354955164
0.4,28.0,30.0,0.49936566518323344
0.4,30.0,32.0,0.49956994351963635
0.5,10.0,12.0,0.48394404879347125
0.5,12.0,14.0,0.49052776235841966
0.5,14.0,16.0,0.4941104849202422
0.5,16.0,18.0,0.4960824348959089
0.5,18.0,20.0,0.4973761807880707
0.5,20.0,22.0,0.4979318178685754
0.5,22.0,24.0,0.49844148280678546
0.5,24.0,26.0,0.49875124908991103
0.5,26.0,28.0,0.49888805548573245
0.5,28.0,30.0,0.4989085370657784
0.5,30.0,32.0,0.4990612968030108
0.6,10.0,12.0,0.4787390874840455
0.6,12.0,14.0,0.48673911394423935
0.6,14.0,16.0,0.491357749018443
0.6,16.0,18.0,0.49402877358487235
0.6,18.0,20.0,0.4956577098846999
0.6,20.0,22.0,0.4966033920629235
0.6,22.0,24.0,0.4973354990531089
0.6,24.0,26.0,0.49778905071239177
0.6,26.0,28.0,0.4980756032436175
0.6,28.0,30.0,0.49834002668081967
0.6,30.0,32.0,0.4985334681528406
0.7,10.0,12.0,0.4717581094711241
0.7,12.0,14.0,0.48146730998522985
0.7,14.0,16.0,0.48729310351069444
0.7,16.0,18.0,0.4908037594519922
0.7,18.0,20.0,0.4930665752070447
0.7,20.0,22.0,0.49446184366211454
0.7,22.0,24.0,0.495453431546534
0.7,24.0,26.0,0.49615846689852067
0.7,26.0,28.0,0.4966771061974079
0.7,28.0,30.0,0.49695475080401963
0.7,30.0,32.0,0.497584772372955
0.8,10.0,12.0,0.4625211871881056
0.8,12.0,14.0,0.47408941538969435
0.8,14.0,16.0,0.48125577123663094
0.8,16.0,18.0,0.48592399597001773
0.8,18.0,20.0,0.488938208144915
0.8,20.0,22.0,0.49090851060670104
0.8,22.0,24.0,0.49240818235113126
0.8,24.0,26.0,0.4933997702350451
0.8,26.0,28.0,0.4941474827021285
0.8,28.0,30.0,0.49479237295726886
0.8,30.0,32.0,0.49549309506170813
0.8499999999999999,10.0,12.0,0.4569496095255731
0.8499999999999999,12.0,14.0,0.4693091790914541
0.8499999999999999,14.0,16.0,0.4773699799433499
0.8499999999999999,16.0,18.0,0.4825600725670132
0.8499999999999999,18.0,20.0,0.48598119390477135
0.8499999999999999,20.0,22.0,0.4883584055293054
0.8499999999999999,22.0,24.0,0.4900768764325397
0.8499999999999999,24.0,26.0,0.4913005510838027
0.8499999999999999,26.0,28.0,0.4922627494617343
0.8499999999999999,28.0,30.0,0.4932516716112276
0.8499999999999999,30.0,32.0,0.493791247854148
0.9,10.0,12.0,0.4507103832177464
0.9,12.0,14.0,0.46392133174895395
0.9,14.0,16.0,0.4725748749593473
0.9,16.0,18.0,0.4783893762559926
0.9,18.0,20.0,0.4822662596250606
0.9,20.0,22.0,0.48505168006095845
0.9,22.0,24.0,0.4869433922827999
0.9,24.0,26.0,0.48852000675337154
0.9,26.0,28.0,0.4897725080523788
0.9,28.0,30.0,0.49056311262699503
0.9,30.0,32.0,0.49160435660330304
0.925,10.0,12.0,0.4473947498253105
0.925,12.0,14.0,0.46076168668436013
0.925,14.0,16.0,0.46987768947830727
0.925,16.0,18.0,0.4759291536475007
0.925,18.0,20.0,0.48006716542439304
0.925,20.0,22.0,0.4830241796645549
0.925,22.0,24.0,0.48510723048190835
0.925,24.0,26.0,0.48675563014385886
0.925,26.0,28.0,0.4879964913493442
0.925,28.0,30.0,0.4890548143861588
0.925,30.0,32.0,0.4901073505944855
0.95,10.0,12.0,0.4437696980145289
0.95,12.0,14.0,0.4575105116368738
0.95,14.0,16.0,0.46690450690373625
0.95,16.0,18.0,0.4732332678151075
0.95,18.0,20.0,0.47757425828174954
0.95,20.0,22.0,0.4806945212599628
0.95,22.0,24.0,0.4829246524808054
0.95,24.0,26.0,0.4847307954811985
0.95,26.0,28.0,0.48606942885940674
0.95,28.0,30.0,0.4872739215774538
0.95,30.0,32.0,0.48827476525166724
0.975,10.0,12.0,0.4399661809145793
0.975,12.0,14.0,0.45399985569559337
0.975,14.0,16.0,0.46365497937023165
0.975,16.0,18.0,0.4702012397917742
0.975,18.0,20.0,0.47480665369419883
0.975,20.0,22.0,0.4780283727991721
0.975,22.0,24.0,0.480443037566906
0.975,24.0,26.0,0.4823660682378228
0.975,26.0,28.0,0.48380128163727915
0.975,28.0,30.0,0.4849062471715475
0.975,30.0,32.0,0.48592666170205645
1.0,10.0,12.0,0.43601008328578955
1.0,12.0,14.0,0.45018424097306814
1.0,14.0,16.0,0.46014831329579536
1.0,16.0,18.0,0.46684066330155005
1.0,18.0,20.0,0.47172320493048037
1.0,20.0,22.0,0.47502998432280724
1.0,22.0,24.0,0.47756725311898635
1.0,24.0,26.0,0.47947807496819983
1.0,26.0,28.0,0.48112182815348864
1.0,28.0,30.0,0.4822173662911581
1.0,30.0,32.0,0.4834023272215102
1.025,10.0,12.0,0.431885801239143
1.025,12.0,14.0,0.44624574114345317
1.025,14.0,16.0,0.4562610270488904
1.025,16.0,18.0,0.4632281048206191
1.025,18.0,20.0,0.46815725145462017
1.025,20.0,22.0,0.47160716349932535
1.025,22.0,24.0,0.47425007715896483
1.025,24.0,26.0,0.47629394980683687
1.025,26.0,28.0,0.4777327126499502
1.025,28.0,30.0,0.47921862670162785
1.025,30.0,32.0,0.4803670495647926
1.05,10.0,12.0,0.42751296676916783
1.05,12.0,14.0,0.4419778125401214
1.05,14.0,16.0,0.45211723549353583
1.05,16.0,18.0,0.45920529694942647
1.05,18.0,20.0,0.46417681770756125
1.05,20.0,22.0,0.46780845623397155
1.05,22.0,24.0,0.4704429417602366
1.05,24.0,26.0,0.47241402977473745
1.05,26.0,28.0,0.4740379037680638
1.05,28.0,30.0,0.47532726704188094
1.05,30.0,32.0,0.4764818341746943
1.075,10.0,12.0,0.42301468361849437
1.075,12.0,14.0,0.4374446153233665
1.075,14.0,16.0,0.4476313401272327
1.075,16.0,18.0,0.45479317993143914
1.075,18.0,20.0,0.4599036548464306
1.075,20.0,22.0,0.46340770894007444
1.075,22.0,24.0,0.46608647709253453
1.075,24.0,26.0,0.4680116781823655
1.075,26.0,28.0,0.4695050027190744
1.075,28.0,30.0,0.4708217308513103
1.075,30.0,32.0,0.4716504804396472
1.1,10.0,12.0,0.41831393433247926
1.1,12.0,14.0,0.43264926229630485
1.1,14.0,16.0,0.44289124512380573
1.1,16.0,18.0,0.45003140898989463
1.1,18.0,20.0,0.45498418546508024
1.1,20.0,22.0,0.458596707282808
1.1,22.0,24.0,0.46108149554547234
1.1,24.0,26.0,0.46294548566694943
1.1,26.0,28.0,0.46431064505436315
1.1,28.0,30.0,0.4653550718398053
1.1,30.0,32.0,0.4660300530501412
1.15,10.0,12.0,0.4084553170701531
1.15,12.0,14.0,0.4224239906645942
1.15,14.0,16.0,0.4322781579868433
1.15,16.0,18.0,0.4392290407216088
1.15,18.0,20.0,0.4439851705291469
1.15,20.0,22.0,0.4471496038460838
1.15,22.0,24.0,0.44925993494509453
1.15,24.0,26.0,0.45058722607164714
1.15,26.0,28.0,0.4513976886097116
1.15,28.0,30.0,0.451862336372365
1.15,30.0,32.0,0.4520399822513615
1.2,10.0,12.0,0.39804450881778186
1.2,12.0,14.0,0.41118350584449065
1.2,14.0,16.0,0.42056081960880265
1.2,16.0,18.0,0.42682404857790696
1.2,18.0,20.0,0.43101175787658985
1.2,20.0,22.0,0.4335931588350646
1.2,22.0,24.0,0.4348897205234879
1.2,24.0,26.0,0.4354035787850192
1.2,26.0,28.0,0.43538811600021504
1.2,28.0,30.0,0.43494642083567847
1.2,30.0,32.0,0.43418299837856883
1.25,10.0,12.0,0.38709468307438877
1.25,12.0,14.0,0.39920642299060966
1.25,14.0,16.0,0.40763467153161415
1.25,16.0,18.0,0.413177669772221
1.25,18.0,20.0,0.41641326319770977
1.25,20.0,22.0,0.4180761599915683
1.25,22.0,24.0,0.41856491305141835
1.25,24.0,26.0,0.41809318180038507
1.25,26.0,28.0,0.4171644030351288
1.25,28.0,30.0,0.4158451915990708
1.25,30.0,32.0,0.41426207566252105
1.3,10.0,12.0,0.37572607901431515
1.3,12.0,14.0,0.3866229738577316
1.3,14.0,16.0,0.39392726847261555
1.3,16.0,18.0,0.3983783696684807
1.3,18.0,20.0,0.40065939652629223
1.3,20.0,22.0,0.4014557220897029
1.3,22.0,24.0,0.4009902154323751
1.3,24.0,26.0,0.39988191018057556
1.3,26.0,28.0,0.3983449870527286
1.3,28.0,30.0,0.3964988813043431
1.3,30.0,32.0,0.3947511697217028
1.4,10.0,12.0,0.3525989018665976
1.4,12.0,14.0,0.3603822238800801
1.4,14.0,16.0,0.3651416769942115
1.4,16.0,18.0,0.3675486303867263
1.4,18.0,20.0,0.3681374609010231
1.4,20.0,22.0,0.3676263208892643
1.4,22.0,24.0,0.36652005376970537
1.4,24.0,26.0,0.3650621125824993
1.4,26.0,28.0,0.3635797807664602
1.4,28.0,30.0,0.3622129794859139
1.4,30.0,32.0,0.3610807405881041
1.5,10.0,12.0,0.32948174184157897
1.5,12.0,14.0,0.3342398508087271
1.5,14.0,16.0,0.33672723144295535
1.5,16.0,18.0,0.3375888654039916
1.5,18.0,20.0,0.3375653890365273
1.5,20.0,22.0,0.33695127628882193
1.5,22.0,24.0,0.33628305340913567
1.5,24.0,26.0,0.335558942077064
1.5,26.0,28.0,0.3350041878780023
1.5,28.0,30.0,0.33458181641407103
1.5,30.0,32.0,0.3342111788453048
1.6,10.0,12.0,0.30727423215290933
1.6,12.0,14.0,0.30948576004001543
1.6,14.0,16.0,0.31028251884369473
1.6,16.0,18.0,0.31053192397520396
1.6,18.0,20.0,0.31061303135174967
1.6,20.0,22.0,0.31072463300123426
1.6,22.0,24.0,0.31093534778978704
1.6,24.0,26.0,0.3111504704252803
1.6,26.0,28.0,0.3113605669456546
1.6,28.0,30.0,0.3115901120362253
1.6,30.0,32.0,0.3118111705896689
1.75,10.0,12.0,0.27682826629373275
1.75,12.0,14.0,0.27639165680317085
1.75,14.0,16.0,0.27597696479056394
1.75,16.0,18.0,0.2763146450578498
1.75,18.0,20.0,0.27719009700114106
1.75,20.0,22.0,0.2784309189917017
1.75,22.0,24.0,0.27973289621307307
1.75,24.0,26.0,0.2809268466491051
1.75,26.0,28.0,0.2820665458847742
1.75,28.0,30.0,0.28295455486726223
1.75,30.0,32.0,0.2836371124586082
2.0,10.0,12.0,0.23491837080780176
2.0,12.0,14.0,0.23252723538073863
2.0,14.0,16.0,0.23207164407078884
2.0,16.0,18.0,0.23306348934398508
2.0,18.0,20.0,0.2350780622319553
2.0,20.0,22.0,0.2374284915616904
2.0,22.0,24.0,0.23968638956473565
2.0,24.0,26.0,0.24178910589765154
2.0,26.0,28.0,0.24355108532859268
2.0,28.0,30.0,0.2450242394481904
2.0,30.0,32.0,0.24622251898143543
