dataset,shard_index,shard_count,d,lambda_ratio,lambda_star,lambda,log2N,N,alpha,delta_128,delta_256,delta_512,objective_256,objective_512,beta_512,scale_type,theory_scale,collapse_ratio,location_rel_change,value_rel_change,derivative_scaled,neighbor_left,neighbor_right,first_order_ok,neighbor_ok,accepted,log_normalized_distance,stationary_scale,correction_balance
phase_regimes,3,4,2,1.025,0.41527872955648903,0.4256606977954013,16.0,65536,1.0383811611131724,0.009886877973069199,0.009887493962352887,0.009887885975515489,43150.35460873914,43150.35438334216,0.4162576361313323,supercritical,0.0041403867866558475,2.3881551374338734,3.964580129347736e-05,5.2235254056095016e-09,1.8737755493110477e-08,0.008099869832221884,0.008149908586347012,1,1,1,0.870521158844764,0.0041403867866557165,0.4842535131791782
phase_regimes,2,4,2,1.025,0.41527872955648903,0.4256606977954013,22.0,4194304,1.0279135717186707,0.0014135799838183027,0.0014139530974115466,0.0014138970401079696,2770511.501274036,2770511.496772618,0.43027760080229294,supercritical,0.0005444913786213655,2.5967298943977974,3.964737317262357e-05,1.624760704227276e-09,2.1594626935492758e-09,0.05406945943832397,0.05481635266914964,1,1,1,0.9542529204936329,0.0005444913786213331,0.47856406915461447
phase_regimes,1,4,2,1.025,0.41527872955648903,0.4256606977954013,28.0,268435456,1.02193209206467,0.00019533704685503747,0.0001952461332764832,0.0001952133452933769,177658815.29491505,177658814.76615915,0.4400950248886411,supercritical,7.16036747089484e-05,2.726303448627069,0.0001679597419791007,2.976243391793778e-09,1.0085149021772783e-09,0.3798754215240479,0.3905057609081268,1,1,1,1.0029466435233911,7.16036747089484e-05,0.47531501918957614
phase_regimes,3,4,2,1.025,0.41527872955648903,0.4256606977954013,32.0,4294967296,1.019190580556586,5.1683060734775126e-05,5.165900645487386e-05,5.161564513922468e-05,2845114260.9274044,2845114244.915355,0.44505725154421216,supercritical,1.851668504571488e-05,2.787520823073541,0.0008400808617664857,5.6279108042028754e-09,5.286059776546513e-10,1.4682679176330566,1.4149250984191895,1,1,1,1.0251526069192471,1.8516685045712536e-05,0.4738263717098529
phase_regimes,3,4,2,1.05,0.41527872955648903,0.4360426660343136,16.0,65536,1.0393172869939815,0.010286666421501332,0.010287307319092887,0.010286899470551059,43135.20844575688,43135.20822168575,0.4126904986523312,supercritical,0.004709558975914419,2.1842596139384223,3.9647373146353086e-05,5.1946225553505615e-09,2.4155438564372144e-08,0.008099554070213344,0.008145642997988034,1,1,1,0.7812769216690048,0.004709558975914275,0.44941105979191465
phase_regimes,2,4,2,1.05,0.41527872955648903,0.4360426660343136,22.0,4194304,1.0285943905410775,0.0014955526647454365,0.0014951580186786106,0.0014952172977664713,2769871.8342687488,2769871.829567747,0.426610414555419,supercritical,0.0006499925273333183,2.300360750147084,3.964580128198148e-05,1.6971911787064954e-09,2.4012926974668207e-09,0.053653464652597904,0.054468574933707714,1,1,1,0.8330659585257962,0.0006499925273333183,0.4437212609978811
phase_regimes,1,4,2,1.05,0.41527872955648903,0.4360426660343136,28.0,268435456,1.022467021139418,0.00020995174989846263,0.0002097594493031263,0.0002097242240765018,177627223.17020234,177627222.67184523,0.4364006739580462,supercritical,8.970787217971446e-05,2.33785752555088,0.00016795974227383387,2.8056347989898957e-09,2.1693973630652238e-10,0.37748277187347407,0.3829107582569122,1,1,1,0.8492349225920522,8.970787217971446e-05,0.44047205880698953
phase_regimes,3,4,2,1.05,0.41527872955648903,0.4360426660343136,32.0,4294967296,1.0196586434969908,5.61564321596153e-05,5.610499693542437e-05,5.605345893033853e-05,2844672619.2404995,2844672603.5897512,0.4413386585393264,supercritical,2.3957621753454207e-05,2.339692124167405,0.0009194437964994824,5.501774873185282e-09,3.7468292714195534e-10,1.4337763786315916,1.400822639465332,1,1,1,0.8500193498447738,2.395762175345421e-05,0.43898335380679626
phase_regimes,3,4,2,1.075,0.41527872955648903,0.44642463427322576,16.0,65536,1.0402534128747907,0.010711999521882952,0.0107148269477646,0.010714402149864632,43120.013062378144,43120.012839782044,0.40901905237995745,supercritical,0.00532497631230657,2.012103251070346,3.964737313621886e-05,5.1622456746917796e-09,5.715894081883632e-09,0.008095714212686289,0.008179448646842502,1,1,1,0.699180568550185,0.00532497631230657,0.416189220689862
phase_regimes,2,4,2,1.075,0.41527872955648903,0.44642463427322576,22.0,4194304,1.0292752093634843,0.001585901362959552,0.0015858025615597127,0.0015858654344655942,2769231.6321743727,2769231.627248515,0.422750632977964,supercritical,0.0007695699970041866,2.060716296943898,3.964580128626772e-05,1.7787815872567574e-09,1.8932617922636964e-09,0.05346635682508349,0.054271503817290075,1,1,1,0.723053639325014,0.0007695699970041867,0.41049906708174394
phase_regimes,1,4,2,1.075,0.41527872955648903,0.44642463427322576,28.0,268435456,1.023001950214166,0.00022679308884410165,0.0002266135979041017,0.00022657554233440624,177595632.30536088,177595631.8389117,0.43241858005368417,supercritical,0.00011121733927579243,2.03723217809188,0.0001679597422714209,2.6264675908684277e-09,6.610035768875879e-10,0.372860848903656,0.38165611028671265,1,1,1,0.7115921111577804,0.00011121733927579243,0.40724971265066373
phase_regimes,3,4,2,1.075,0.41527872955648903,0.44642463427322576,32.0,4294967296,1.0201267064373951,6.143796677737788e-05,6.136931996258976e-05,6.134627778608959e-05,2844231064.4764805,2844231049.238251,0.43727077075265847,supercritical,3.062812406687146e-05,2.002939443896404,0.00037560838785562553,5.357591915337151e-09,1.333660848165543e-10,1.3900022506713867,1.4167208671569824,1,1,1,0.69461582352392,3.062812406686796e-05,0.40576095012558117
phase_regimes,3,4,2,1.1,0.41527872955648903,0.45680660251213806,16.0,65536,1.0411895387555998,0.011174261394824136,0.011171312733494363,0.011171755646698813,43104.76478895367,43104.76456801175,0.40525001662044174,supercritical,0.005987294720210241,1.8659104267889652,3.964580129147133e-05,5.125695802435639e-09,1.3285257157583127e-08,0.008132795563142281,0.008209773004637102,1,1,1,0.623749098480358,0.005987294720210241,0.38447749944943305
phase_regimes,2,4,2,1.1,0.41527872955648903,0.45680660251213806,22.0,4194304,1.0299560281858908,0.0016874946936225044,0.0016870493979406207,0.0016871162850176091,2768590.8060439806,2768590.800867216,0.41869203951830153,supercritical,0.0009041786040721104,1.865910426788928,3.9645801289572e-05,1.8698194443475617e-09,2.1101661208774244e-09,0.0534620089456439,0.05434308759868145,1,1,1,0.623749098480338,0.0009041786040721105,0.37878699098261537
phase_regimes,1,4,2,1.1,0.41527872955648903,0.45680660251213806,28.0,268435456,1.023536879288914,0.0002464639364961885,0.0002462381933826529,0.0002461968422244887,177564041.164075,177564040.73080286,0.42813929006915014,supercritical,0.00013654367871309415,1.8030629066454111,0.00016795974225606515,2.4400893421526548e-09,5.660818621800063e-10,0.37256303429603577,0.3812219500541687,1,1,1,0.5894868335989011,0.0001365436787130828,0.3755374842970139
phase_regimes,3,4,2,1.1,0.41527872955648903,0.45680660251213806,32.0,4294967296,1.0205947693778,6.778441591459572e-05,6.773076926869237e-05,6.769128493244736e-05,2843789587.234808,2843789572.4722166,0.432833449116128,supercritical,3.872113895738813e-05,1.748173911075816,0.0005833001439463562,5.191168512629665e-09,5.063416162793297e-10,1.3645720481872559,1.440141201019287,1,1,1,0.5585717637465338,3.8721138957388135e-05,0.37404866424254585
phase_regimes,3,4,2,1.15,0.41527872955648903,0.4775705389899624,16.0,65536,1.043061790517218,0.012185896845138489,0.01218513766572482,0.012184654576178231,43074.09401362499,43074.09379661424,0.3974244273262311,supercritical,0.007454449394565912,1.6345478963289375,3.964737314198501e-05,5.038080559342942e-09,1.4890435945638312e-08,0.008259031565103214,0.008347434013558086,1,1,1,0.49136625010485063,0.007454449394565912,0.32519046678240704
phase_regimes,2,4,2,1.15,0.41527872955648903,0.4775705389899624,22.0,4194304,1.031317665830704,0.001926922437973988,0.0019268023910159473,0.0019268787836692611,2767306.87373775,2767306.867976574,0.40997811215515334,supercritical,0.0012221797329888123,1.5765919951537106,3.964580126249636e-05,2.0818709875438456e-09,1.7555015080022969e-09,0.05451830849051476,0.05509586073458195,1,1,1,0.4552655523465689,0.0012221797329888125,0.31949924846427435
phase_regimes,1,4,2,1.15,0.41527872955648903,0.4775705389899624,28.0,268435456,1.0246067374384102,0.00029630618725962066,0.00029607168154188734,0.00029602196176947704,177500850.48096892,177500850.11603054,0.4186431488095101,supercritical,0.0002003770988684248,1.4773243221964016,0.00016795974228771775,2.055981016966898e-09,5.281701782825753e-10,0.3819158971309662,0.39148673415184015,1,1,1,0.39023256116197186,0.0002003770988684248,0.31624943722657767
phase_regimes,3,4,2,1.15,0.41527872955648903,0.4775705389899624,32.0,4294967296,1.021530895258609,8.467853386540103e-05,8.461151670136058e-05,8.455134300988652e-05,2842906816.7939634,2842906803.2003207,0.4228066501223042,supercritical,6.0023541870794835e-05,1.4086363512484756,0.0007116822670339526,4.781599838706196e-09,1.4563047305799792e-10,1.4536867141723633,1.4578943252563477,1,1,1,0.3426221096470997,6.0023541870794835e-05,0.31476050210004874
phase_regimes,3,4,2,1.2,0.41527872955648903,0.49833447546778686,16.0,65536,1.0449340422788362,0.013342734663141951,0.013339213785623085,0.013339742650409492,43043.16348477285,43043.16327162168,0.389257834711132,supercritical,0.009113143847335458,1.463791516284452,3.964580129231762e-05,4.952033162033426e-09,5.849767945800574e-08,0.008519208837242331,0.008549135462089907,1,1,1,0.38102999848876573,0.009113143847335456,0.2708441458677094
phase_regimes,2,4,2,1.2,0.41527872955648903,0.49833447546778686,22.0,4194304,1.0326793034755173,0.0022267630964399876,0.002226624369457197,0.0022265360931499334,2766019.1125684814,2766019.1061123074,0.4004992402707834,supercritical,0.001611050096541115,1.382040259288182,3.964737312619047e-05,2.3341031673018596e-09,3.1306077620062908e-09,0.056853446643799536,0.05743735749274492,1,1,1,0.3235608560993082,0.001611050096541115,0.2651522175196583
phase_regimes,1,4,2,1.2,0.41527872955648903,0.49833447546778686,28.0,268435456,1.0256765955879064,0.0003647824536684441,0.0003643748693217264,0.00036436042338805485,177437632.70805383,177437632.40898857,0.40794093273481,supercritical,0.0002848020302139097,1.279346299302678,3.9647373161924567e-05,1.6854671008696986e-09,6.342147818820695e-10,0.41030687093734736,0.42225462198257446,1,1,1,0.24634924380820658,0.0002848020302139097,0.2619021016725205
phase_regimes,3,4,2,1.2,0.41527872955648903,0.49833447546778686,32.0,4294967296,1.022467021139418,0.00010948156302403866,0.00010928790912667628,0.00010921018617382484,2842024184.548451,2842024172.4528008,0.4112689048438492,supercritical,8.970787217971446e-05,1.2173980222721235,0.0007116822667782897,4.255998184842728e-09,2.1018742758384664e-10,1.6187095642089844,1.6229338645935059,1,1,1,0.19671581252578704,8.970787217971446e-05,0.2604130514561159
phase_regimes,3,4,2,1.25,0.41527872955648903,0.5190984119456113,16.0,65536,1.0468062940404543,0.014651148709063588,0.014652061530140537,0.01465148063742061,43011.9386996775,43011.93848997968,0.38080060769107343,supercritical,0.010963279190885324,1.336414076693549,3.964737314276321e-05,4.875339914896196e-09,4.574122924809678e-09,0.008810862098471262,0.008953053998993708,1,1,1,0.2899899647385762,0.010963279190885324,0.22084565132995332
phase_regimes,2,4,2,1.25,0.41527872955648903,0.5190984119456113,22.0,4194304,1.0340409411203304,0.0025986952459706725,0.002598533347674792,0.0025984303267380104,2764726.4288090523,2764726.421555135,0.39037017768091686,supercritical,0.00207723176300014,1.2509101646823968,3.9647373154974383e-05,2.623737865431761e-09,4.6515997033035996e-10,0.06073914607986808,0.06192247942090034,1,1,1,0.22387141810081654,0.0020772317630001398,0.21515301277331828
phase_regimes,1,4,2,1.25,0.41527872955648903,0.5190984119456113,28.0,268435456,1.0267464537374025,0.0004575357309059002,0.0004569323773386813,0.0004569142618884303,177374363.9644477,177374363.72031885,0.39627817516978714,supercritical,0.00039357034468216306,1.160946875348096,3.964737317700934e-05,1.376348013107438e-09,1.5768614457134228e-10,0.4690329134464264,0.4776561856269837,1,1,1,0.14923594400139517,0.000393570344682163,0.21190259225934643
phase_regimes,3,4,2,1.25,0.41527872955648903,0.5190984119456113,32.0,4294967296,1.0234031470202272,0.00014484734968533974,0.00014468550661472787,0.00014456406111351683,2841141521.902957,2841141511.59415,0.39862510747741314,supercritical,0.0001298310833333248,1.1134780470279753,0.0008400808629449551,3.6284031802504253e-09,1.8826661045624238e-10,1.9166603088378904,1.9787802696228027,1,1,1,0.10748849223398113,0.00012983108333332482,0.2104134269352329
phase_regimes,3,4,2,1.3,0.41527872955648903,0.5398623484234358,16.0,65536,1.0486785458020726,0.016127301312540143,0.0161262965842619,0.01612693594955994,42980.38432677196,42980.38411881428,0.3721489894546301,supercritical,0.013002825903375629,1.2402639295026836,3.964580128787501e-05,4.838432174909013e-09,1.4040415876320711e-08,0.009286516018619295,0.009435039064555895,1,1,1,0.21532420334150187,0.013002825903375629,0.17469331092841855
phase_regimes,2,4,2,1.3,0.41527872955648903,0.5398623484234358,22.0,4194304,1.0354025787651435,0.0030533242215354806,0.00305351445499491,0.003053393395967552,2763427.589002925,2763427.580872148,0.3797895821746833,supercritical,0.002626456875656274,1.1625522673790707,3.964737315474193e-05,2.942279635691054e-09,2.738264599777422e-11,0.06707384530454874,0.06846278952434659,1,1,1,0.15061781865494786,0.002626456875656178,0.16899996198446712
phase_regimes,1,4,2,1.3,0.41527872955648903,0.5398623484234358,28.0,268435456,1.0278163118868984,0.0005798832699889234,0.0005792353458867748,0.0005791380740052254,177311015.4220571,177311015.213585,0.384064465470514,supercritical,0.0005305122887140824,1.0916581695195184,0.000167959742098794,1.1757423690064292e-09,7.8976290418563e-10,0.5620900392532349,0.5693461000919342,1,1,1,0.08769779674257017,0.0005305122887140507,0.16574923674627196
phase_regimes,3,4,2,1.3,0.41527872955648903,0.5398623484234358,32.0,4294967296,1.0243392729010363,0.00019379121449913936,0.00019344843145041593,0.0001933757978788142,2840258618.387619,2840258609.9935527,0.3855095354758276,supercritical,0.00018263199266329831,1.0588276186381167,0.00037560838739094656,2.955387874681117e-09,4.0409948437671565e-10,2.433365821838379,2.539772987365722,1,1,1,0.05716227587960114,0.00018263199266329831,0.16425995629661663
phase_regimes,3,4,2,1.4,0.41527872955648903,0.5813902213790847,16.0,65536,1.0524230493253088,0.01958326403769206,0.01958843302854896,0.019587656429425504,42916.14887498631,42916.148663667926,0.3546194620932128,supercritical,0.01763411986963854,1.1107816309647784,3.964737314294206e-05,4.9239828503914255e-09,3.428907759276118e-08,0.010624783033563288,0.010912589597865008,1,1,1,0.10506393955178092,0.017634119869638542,0.0922787408860658
phase_regimes,2,4,2,1.4,0.41527872955648903,0.5813902213790847,22.0,4194304,1.03812585405477,0.004243576693668594,0.004243312319523017,0.004243480555709889,2760806.145118154,2760806.135143938,0.35820619172024687,supercritical,0.00399307960476801,1.0627087300345532,3.964580128547513e-05,3.6127912003804397e-09,6.07535839792193e-09,0.08744656341150403,0.09020655462518334,1,1,1,0.060821054319533975,0.003993079604768011,0.0865839706309813
phase_regimes,1,4,2,1.4,0.41527872955648903,0.5813902213790847,28.0,268435456,1.0299560281858908,0.0009301521233292531,0.0009297192128315811,0.000929756073756116,177183947.5481904,177183947.34023583,0.3596735754315273,supercritical,0.0009041786040721104,1.028288072255651,3.964580127560369e-05,1.1736647640577187e-09,1.0768998656566743e-10,0.8726428151130675,0.8941313922405243,1,1,1,0.02789535370664277,0.0009041786040721105,0.08333263577205495
phase_regimes,3,4,2,1.4,0.41527872955648903,0.5813902213790847,32.0,4294967296,1.0262115246626544,0.000341735824213929,0.0003411738616383442,0.0003411165677875694,2838491095.3911266,2838491090.323892,0.35992023600721246,supercritical,0.00033590479251886774,1.01551563236005,0.00016795974216789598,1.785186154099483e-09,1.5446649399831055e-10,4.316717624664307,4.4477171897888175,1,1,1,0.015396495676639012,0.00033590479251886774,0.08184312501786446
phase_regimes,3,4,2,1.5,0.41527872955648903,0.6229180943347337,16.0,65536,1.0561675528485452,0.023703798420483313,0.0237052752553194,0.023706215107212932,42850.20488558703,42850.204662538126,0.33741192792079294,supercritical,0.022962916362841226,1.0323695271378737,3.964580129230886e-05,5.205317132126168e-09,5.982965050874816e-08,0.012638160267670171,0.01304278301540762,1,1,1,0.03185667190003803,0.022962916362841222,0.020853182994143633
phase_regimes,2,4,2,1.5,0.41527872955648903,0.6229180943347337,22.0,4194304,1.0408491293443964,0.005826156399700744,0.005827694210205792,0.005827925262972712,2758144.3032644046,2758144.2916566352,0.33740008673597127,supercritical,0.005740990570907118,1.0151428034921604,3.964580129177792e-05,4.2085433716546064e-09,6.142338591724257e-09,0.12128965090960264,0.12371803121641278,1,1,1,0.015029295693129767,0.005740990570907118,0.015156990712168446
phase_regimes,1,4,2,1.5,0.41527872955648903,0.6229180943347337,28.0,268435456,1.032095744484883,0.001443542476793458,0.001443161555162109,0.0014432187727267951,177056152.34800765,177056152.06546342,0.3370176526757061,supercritical,0.0014352849521487609,1.0055276971768963,3.9645801293267914e-05,1.5957888057448837e-09,1.4211788495599586e-09,1.3946610987186432,1.4419653415679932,1,1,1,0.005512475526874561,0.0014352849521487609,0.01190504600272323
phase_regimes,3,4,2,1.5,0.41527872955648903,0.6229180943347337,32.0,4294967296,1.0280837764242725,0.000571790751025758,0.0005711518689814897,0.0005710559545706316,2836719416.817723,2836719413.466967,0.33669000829495394,supercritical,0.0005695999926052019,1.0025561130342904,0.00016795974210656223,1.181208009372034e-09,5.40213956269432e-10,7.627389907836913,7.770628452301025,1,1,1,0.0025528517336881364,0.0005695999926052019,0.010415304872641378
phase_regimes,3,4,2,1.6,0.41527872955648903,0.6644459672903825,16.0,65536,1.0599120563717817,0.02840414961577853,0.028411646874120008,0.028410520471613743,42782.35647288409,42782.35623393639,0.3210894330184505,supercritical,0.028931139262048388,0.9820048983996429,3.964737314101438e-05,5.585192643074666e-09,8.506198292019977e-08,0.015348919558164196,0.015888473855738994,1,1,1,-0.018158982453103076,0.028931139262048388,-0.04164380230702614
phase_regimes,2,4,2,1.6,0.41527872955648903,0.6644459672903825,22.0,4194304,1.043572404634023,0.0078037969128413875,0.007805856720379811,0.007806166202093845,2755432.63460652,2755432.62200437,0.3182350047705266,supercritical,0.007887791106366566,0.9896517411310704,3.9645801283433306e-05,4.573564749235773e-09,7.954797896046746e-09,0.16767836268991232,0.1730499374680221,1,1,1,-0.010402174376698721,0.007887791106366566,-0.04734141733220097
phase_regimes,1,4,2,1.6,0.41527872955648903,0.6644459672903825,28.0,268435456,1.0342354607838753,0.002140212568447541,0.002140079233548753,0.0021401640820686296,176927345.09482592,176927344.70123023,0.316716531259751,supercritical,0.0021504839409690565,0.995201145796152,3.964580126714701e-05,2.2246176596401984e-09,1.178727922699926e-09,2.195080012083053,2.246051698923111,1,1,1,-0.004810405675384783,0.0021504839409690565,-0.05059397212209068
phase_regimes,3,4,2,1.6,0.41527872955648903,0.6644459672903825,32.0,4294967296,1.0299560281858908,0.0009020984471450609,0.0009018604016302056,0.0009018246466518942,2834941098.8103075,2834941095.530068,0.31608954501640046,supercritical,0.0009041786040721104,0.9973965791607821,3.964737318299562e-05,1.157075040195302e-09,2.7042358739299704e-10,12.722877025604248,13.098860263824461,1,1,1,-0.002606815632581571,0.0009041786040721105,-0.052083943699451914
phase_regimes,3,4,2,1.75,0.41527872955648903,0.7267377767238559,16.0,65536,1.065528811656636,0.0363458904638887,0.03634362612075792,0.03634506705006413,42676.74918232714,42676.748916221455,0.2988810389219297,supercritical,0.0389377746621772,0.9334140783697241,3.9645801291876266e-05,6.23537857922956e-09,4.283978180048784e-08,0.02081174038175959,0.02145474814460613,1,1,1,-0.0689063626899552,0.038937774662176766,-0.12199642093517578
phase_regimes,2,4,2,1.75,0.41527872955648903,0.7267377767238559,22.0,4194304,1.0476573175684627,0.011467609590275263,0.011470636458983607,0.011470181696409896,2751254.9353050743,2751254.9225619226,0.29299854294782995,supercritical,0.011867050849046908,0.9665570529961213,3.964737314072404e-05,4.631759726148554e-09,1.835760027704719e-08,0.2687409627251327,0.27410724712535733,1,1,1,-0.03401495155749325,0.011867050849046908,-0.1276961714194293
phase_regimes,1,4,2,1.75,0.41527872955648903,0.7267377767238559,28.0,268435456,1.0374450352323634,0.003565058662352349,0.0035659996574588515,0.003566141039977877,176731620.1700423,176731619.59849134,0.29040787579807725,supercritical,0.0036166340044749327,0.98603868557488,3.964580128507468e-05,3.2340053036912495e-09,3.800043738363668e-09,3.980715036392212,4.117032289505005,1,1,1,-0.014059690286207332,0.0036166340044749327,-0.13094964176137663
phase_regimes,3,4,2,1.75,0.41527872955648903,0.7267377767238559,32.0,4294967296,1.032764405828318,0.0016259905599752544,0.0016255614939889584,0.0016258345228783444,2832255195.5824785,2832255190.584058,0.28951887053118447,supercritical,0.001637858264258579,0.9926588633200946,0.000167931536416509,1.7648200387978717e-09,2.8137507673225885e-09,25.002858638763428,26.008429527282715,1,1,1,-0.007368215431050635,0.001637858264258579,-0.13243995914356313
phase_regimes,3,4,2,2.0,0.41527872955648903,0.8305574591129783,16.0,65536,1.074890070464727,0.05111256633116401,0.051109382026501504,0.05111140837924177,42490.208577010075,42490.2082582061,0.26813817776895577,supercritical,0.05785969666311364,0.8833680666671384,3.9645801290279447e-05,7.502998527712093e-09,7.79185913628247e-08,0.03344752588600386,0.03428595480363583,1,1,1,-0.12401332868776846,0.05785969666311364,-0.22913173187475336
phase_regimes,2,4,2,2.0,0.41527872955648903,0.8305574591129783,22.0,4194304,1.0544655057925287,0.01922058623611811,0.01921938879668672,0.019218626828617524,2743952.952561053,2743952.9397794786,0.259152315026298,supercritical,0.020457736357278378,0.9394307607146376,3.9647373144346654e-05,4.6580880471863396e-09,9.596579933604755e-09,0.5208757920190692,0.5345769706182182,1,1,1,-0.062481160859736484,0.020457736357278378,-0.23483504504674188
phase_regimes,1,4,2,2.0,0.41527872955648903,0.8305574591129783,28.0,268435456,1.042794325979844,0.007031174873387336,0.00703444883973281,0.007034169953371916,176396504.00766116,176396503.22071308,0.2554072890057327,supercritical,0.007233153061271781,0.9724901289639128,3.964737314316744e-05,4.461245378807665e-09,5.4957568697139e-09,9.102145403623583,9.393993854522703,1,1,1,-0.02789535370669129,0.007233153061271781,-0.23809004246028287
phase_regimes,3,4,2,2.0,0.41527872955648903,0.8305574591129783,32.0,4294967296,1.0374450352323634,0.003560386237625446,0.003560164426135381,0.0035600232805639287,2827705389.2315464,2827705380.0973377,0.25418430028186767,supercritical,0.0036166340044749327,0.9843471239166146,3.9647373157200366e-05,3.2302547300330106e-09,3.5091991308746077e-09,63.77201509475708,65.12314748764038,1,1,1,-0.01577667593001663,0.0036166340044749327,-0.23958093654120458
